14-05-2026 22:20:07.566 [main] [-] INFO  inventory-service-c.e.i.InventoryServiceApplication.logStarting - Starting InventoryServiceApplication using Java 21.0.10 with PID 25192 (C:\Users\LENOVO\OneDrive\Documents\Projects\Ecommerce\inventory-service\target\classes started by LENOVO in C:\Users\LENOVO\OneDrive\Documents\Projects\Ecommerce)
14-05-2026 22:20:07.576 [main] [-] INFO  inventory-service-c.e.i.InventoryServiceApplication.logStartupProfileInfo - No active profile set, falling back to 1 default profile: "default"
14-05-2026 22:20:07.638 [main] [-] INFO  inventory-service-o.s.c.c.c.ConfigServerConfigDataLoader.log - Fetching config from server at : http://localhost:8888
14-05-2026 22:20:07.641 [main] [-] INFO  inventory-service-o.s.c.c.c.ConfigServerConfigDataLoader.log - Located environment: name=inventory-service, profiles=[default], label=null, version=1c4cc49fa58be6ccce93118b089aa54ddbdd264b, state=
14-05-2026 22:20:08.597 [main] [-] INFO  inventory-service-o.s.d.r.c.RepositoryConfigurationDelegate.registerRepositoriesIn - Bootstrapping Spring Data JPA repositories in DEFAULT mode.
14-05-2026 22:20:08.713 [main] [-] INFO  inventory-service-o.s.d.r.c.RepositoryConfigurationDelegate.registerRepositoriesIn - Finished Spring Data repository scanning in 105 ms. Found 1 JPA repository interface.
14-05-2026 22:20:09.169 [main] [-] INFO  inventory-service-o.s.cloud.context.scope.GenericScope.setSerializationId - BeanFactory id=cf515955-1b94-38ba-a65b-5862029351ca
14-05-2026 22:20:09.825 [main] [-] INFO  inventory-service-o.s.boot.tomcat.TomcatWebServer.initialize - Tomcat initialized with port 9010 (http)
14-05-2026 22:20:09.841 [main] [-] INFO  inventory-service-o.a.coyote.http11.Http11NioProtocol.log - Initializing ProtocolHandler ["http-nio-9010"]
14-05-2026 22:20:09.843 [main] [-] INFO  inventory-service-o.a.catalina.core.StandardService.log - Starting service [Tomcat]
14-05-2026 22:20:09.843 [main] [-] INFO  inventory-service-o.a.catalina.core.StandardEngine.log - Starting Servlet engine: [Apache Tomcat/11.0.20]
14-05-2026 22:20:09.918 [main] [-] INFO  inventory-service-o.s.b.w.c.s.WebApplicationContextInitializer.prepareWebApplicationContext - Root WebApplicationContext: initialization completed in 2272 ms
14-05-2026 22:20:10.736 [main] [-] INFO  inventory-service-org.hibernate.orm.jpa.logPersistenceUnitInformation - HHH008540: Processing PersistenceUnitInfo [name: default]
14-05-2026 22:20:10.875 [main] [-] INFO  inventory-service-org.hibernate.orm.core.logVersion - HHH000001: Hibernate ORM core version 7.2.7.Final
14-05-2026 22:20:11.381 [main] [-] INFO  inventory-service-o.s.o.j.p.SpringPersistenceUnitInfo.addTransformer - No LoadTimeWeaver setup: ignoring JPA class transformer
14-05-2026 22:20:11.411 [main] [-] INFO  inventory-service-com.zaxxer.hikari.HikariDataSource.getConnection - HikariPool-1 - Starting...
14-05-2026 22:20:11.582 [main] [-] INFO  inventory-service-com.zaxxer.hikari.pool.HikariPool.checkFailFast - HikariPool-1 - Added connection org.postgresql.jdbc.PgConnection@790ea58f
14-05-2026 22:20:11.585 [main] [-] INFO  inventory-service-com.zaxxer.hikari.HikariDataSource.getConnection - HikariPool-1 - Start completed.
14-05-2026 22:20:11.709 [main] [-] INFO  inventory-service-o.hibernate.orm.connections.pooling.logConnectionInfo - HHH10001005: Database info:
	Database JDBC URL [jdbc:postgresql://localhost:5432/Ecommerce]
	Database driver: PostgreSQL JDBC Driver
	Database dialect: PostgreSQLDialect
	Database version: 18.1
	Default catalog/schema: Ecommerce/public
	Autocommit mode: undefined/unknown
	Isolation level: READ_COMMITTED [default READ_COMMITTED]
	JDBC fetch size: none
	Pool: DataSourceConnectionProvider
	Minimum pool size: undefined/unknown
	Maximum pool size: undefined/unknown
14-05-2026 22:20:12.624 [main] [-] INFO  inventory-service-org.hibernate.orm.core.initiateService - HHH000489: No JTA platform available (set 'hibernate.transaction.jta.platform' to enable JTA platform integration)
14-05-2026 22:20:12.727 [main] [-] INFO  inventory-service-o.s.o.j.LocalContainerEntityManagerFactoryBean.buildNativeEntityManagerFactory - Initialized JPA EntityManagerFactory for persistence unit 'default'
14-05-2026 22:20:12.842 [main] [-] INFO  inventory-service-o.s.d.j.r.q.QueryEnhancerFactories.<clinit> - Hibernate is in classpath; If applicable, HQL parser will be used.
14-05-2026 22:20:13.020 [main] [-] WARN  inventory-service-o.s.b.w.s.s.c.AnnotationConfigServletWebServerApplicationContext.refresh - Exception encountered during context initialization - cancelling refresh attempt: org.springframework.beans.factory.BeanCreationException: Error creating bean with name 'kafkaTopicConfig': Injection of autowired dependencies failed
14-05-2026 22:20:13.020 [main] [-] INFO  inventory-service-o.s.o.j.LocalContainerEntityManagerFactoryBean.destroy - Closing JPA EntityManagerFactory for persistence unit 'default'
14-05-2026 22:20:13.036 [main] [-] INFO  inventory-service-com.zaxxer.hikari.HikariDataSource.close - HikariPool-1 - Shutdown initiated...
14-05-2026 22:20:13.048 [main] [-] INFO  inventory-service-com.zaxxer.hikari.HikariDataSource.close - HikariPool-1 - Shutdown completed.
14-05-2026 22:20:13.052 [main] [-] INFO  inventory-service-o.a.catalina.core.StandardService.log - Stopping service [Tomcat]
14-05-2026 22:20:13.068 [main] [-] INFO  inventory-service-o.s.b.a.l.ConditionEvaluationReportLogger.logMessage - 

Error starting ApplicationContext. To display the condition evaluation report re-run your application with 'debug' enabled.
14-05-2026 22:20:13.093 [main] [-] ERROR inventory-service-o.s.boot.SpringApplication.reportFailure - Application run failed
org.springframework.beans.factory.BeanCreationException: Error creating bean with name 'kafkaTopicConfig': Injection of autowired dependencies failed
	at org.springframework.beans.factory.annotation.AutowiredAnnotationBeanPostProcessor.postProcessProperties(AutowiredAnnotationBeanPostProcessor.java:499)
	at org.springframework.beans.factory.support.AbstractAutowireCapableBeanFactory.populateBean(AbstractAutowireCapableBeanFactory.java:1446)
	at org.springframework.beans.factory.support.AbstractAutowireCapableBeanFactory.doCreateBean(AbstractAutowireCapableBeanFactory.java:602)
	at org.springframework.beans.factory.support.AbstractAutowireCapableBeanFactory.createBean(AbstractAutowireCapableBeanFactory.java:525)
	at org.springframework.beans.factory.support.AbstractBeanFactory.lambda$doGetBean$0(AbstractBeanFactory.java:333)
	at org.springframework.beans.factory.support.DefaultSingletonBeanRegistry.getSingleton(DefaultSingletonBeanRegistry.java:371)
	at org.springframework.beans.factory.support.AbstractBeanFactory.doGetBean(AbstractBeanFactory.java:331)
	at org.springframework.beans.factory.support.AbstractBeanFactory.getBean(AbstractBeanFactory.java:196)
	at org.springframework.beans.factory.support.DefaultListableBeanFactory.instantiateSingleton(DefaultListableBeanFactory.java:1218)
	at org.springframework.beans.factory.support.DefaultListableBeanFactory.preInstantiateSingleton(DefaultListableBeanFactory.java:1184)
	at org.springframework.beans.factory.support.DefaultListableBeanFactory.preInstantiateSingletons(DefaultListableBeanFactory.java:1121)
	at org.springframework.context.support.AbstractApplicationContext.finishBeanFactoryInitialization(AbstractApplicationContext.java:994)
	at org.springframework.context.support.AbstractApplicationContext.refresh(AbstractApplicationContext.java:621)
	at org.springframework.boot.web.server.servlet.context.ServletWebServerApplicationContext.refresh(ServletWebServerApplicationContext.java:143)
	at org.springframework.boot.SpringApplication.refresh(SpringApplication.java:756)
	at org.springframework.boot.SpringApplication.refreshContext(SpringApplication.java:445)
	at org.springframework.boot.SpringApplication.run(SpringApplication.java:321)
	at org.springframework.boot.SpringApplication.run(SpringApplication.java:1365)
	at org.springframework.boot.SpringApplication.run(SpringApplication.java:1354)
	at com.ecommerce.inventory_service.InventoryServiceApplication.main(InventoryServiceApplication.java:12)
Caused by: org.springframework.util.PlaceholderResolutionException: Could not resolve placeholder 'kafka.topic.order-created-topic' in value "${kafka.topic.order-created-topic}"
	at org.springframework.util.PlaceholderResolutionException.withValue(PlaceholderResolutionException.java:81)
	at org.springframework.util.PlaceholderParser$ParsedValue.resolve(PlaceholderParser.java:296)
	at org.springframework.util.PlaceholderParser.replacePlaceholders(PlaceholderParser.java:129)
	at org.springframework.util.PropertyPlaceholderHelper.replacePlaceholders(PropertyPlaceholderHelper.java:96)
	at org.springframework.core.env.AbstractPropertyResolver.doResolvePlaceholders(AbstractPropertyResolver.java:286)
	at org.springframework.core.env.AbstractPropertyResolver.resolveRequiredPlaceholders(AbstractPropertyResolver.java:257)
	at org.springframework.context.support.PropertySourcesPlaceholderConfigurer.lambda$processProperties$0(PropertySourcesPlaceholderConfigurer.java:184)
	at org.springframework.beans.factory.support.AbstractBeanFactory.resolveEmbeddedValue(AbstractBeanFactory.java:959)
	at org.springframework.beans.factory.support.DefaultListableBeanFactory.doResolveDependency(DefaultListableBeanFactory.java:1672)
	at org.springframework.beans.factory.support.DefaultListableBeanFactory.resolveDependency(DefaultListableBeanFactory.java:1651)
	at org.springframework.beans.factory.annotation.AutowiredAnnotationBeanPostProcessor$AutowiredFieldElement.resolveFieldValue(AutowiredAnnotationBeanPostProcessor.java:764)
	at org.springframework.beans.factory.annotation.AutowiredAnnotationBeanPostProcessor$AutowiredFieldElement.inject(AutowiredAnnotationBeanPostProcessor.java:748)
	at org.springframework.beans.factory.annotation.InjectionMetadata.inject(InjectionMetadata.java:146)
	at org.springframework.beans.factory.annotation.AutowiredAnnotationBeanPostProcessor.postProcessProperties(AutowiredAnnotationBeanPostProcessor.java:493)
	... 19 common frames omitted
14-05-2026 22:23:54.844 [main] [-] INFO  inventory-service-c.e.i.InventoryServiceApplication.logStarting - Starting InventoryServiceApplication using Java 21.0.10 with PID 21324 (C:\Users\LENOVO\OneDrive\Documents\Projects\Ecommerce\inventory-service\target\classes started by LENOVO in C:\Users\LENOVO\OneDrive\Documents\Projects\Ecommerce)
14-05-2026 22:23:54.850 [main] [-] INFO  inventory-service-c.e.i.InventoryServiceApplication.logStartupProfileInfo - No active profile set, falling back to 1 default profile: "default"
14-05-2026 22:23:54.900 [main] [-] INFO  inventory-service-o.s.c.c.c.ConfigServerConfigDataLoader.log - Fetching config from server at : http://localhost:8888
14-05-2026 22:23:54.900 [main] [-] INFO  inventory-service-o.s.c.c.c.ConfigServerConfigDataLoader.log - Located environment: name=inventory-service, profiles=[default], label=null, version=1c4cc49fa58be6ccce93118b089aa54ddbdd264b, state=
14-05-2026 22:23:55.674 [main] [-] INFO  inventory-service-o.s.d.r.c.RepositoryConfigurationDelegate.registerRepositoriesIn - Bootstrapping Spring Data JPA repositories in DEFAULT mode.
14-05-2026 22:23:55.816 [main] [-] INFO  inventory-service-o.s.d.r.c.RepositoryConfigurationDelegate.registerRepositoriesIn - Finished Spring Data repository scanning in 130 ms. Found 1 JPA repository interface.
14-05-2026 22:23:56.286 [main] [-] INFO  inventory-service-o.s.cloud.context.scope.GenericScope.setSerializationId - BeanFactory id=cf515955-1b94-38ba-a65b-5862029351ca
14-05-2026 22:23:56.966 [main] [-] INFO  inventory-service-o.s.boot.tomcat.TomcatWebServer.initialize - Tomcat initialized with port 9010 (http)
14-05-2026 22:23:56.990 [main] [-] INFO  inventory-service-o.a.coyote.http11.Http11NioProtocol.log - Initializing ProtocolHandler ["http-nio-9010"]
14-05-2026 22:23:56.996 [main] [-] INFO  inventory-service-o.a.catalina.core.StandardService.log - Starting service [Tomcat]
14-05-2026 22:23:56.997 [main] [-] INFO  inventory-service-o.a.catalina.core.StandardEngine.log - Starting Servlet engine: [Apache Tomcat/11.0.20]
14-05-2026 22:23:57.113 [main] [-] INFO  inventory-service-o.s.b.w.c.s.WebApplicationContextInitializer.prepareWebApplicationContext - Root WebApplicationContext: initialization completed in 2210 ms
14-05-2026 22:23:57.655 [main] [-] INFO  inventory-service-org.hibernate.orm.jpa.logPersistenceUnitInformation - HHH008540: Processing PersistenceUnitInfo [name: default]
14-05-2026 22:23:57.712 [main] [-] INFO  inventory-service-org.hibernate.orm.core.logVersion - HHH000001: Hibernate ORM core version 7.2.7.Final
14-05-2026 22:23:58.085 [main] [-] INFO  inventory-service-o.s.o.j.p.SpringPersistenceUnitInfo.addTransformer - No LoadTimeWeaver setup: ignoring JPA class transformer
14-05-2026 22:23:58.112 [main] [-] INFO  inventory-service-com.zaxxer.hikari.HikariDataSource.getConnection - HikariPool-1 - Starting...
14-05-2026 22:23:58.356 [main] [-] INFO  inventory-service-com.zaxxer.hikari.pool.HikariPool.checkFailFast - HikariPool-1 - Added connection org.postgresql.jdbc.PgConnection@4cf1ec2
14-05-2026 22:23:58.358 [main] [-] INFO  inventory-service-com.zaxxer.hikari.HikariDataSource.getConnection - HikariPool-1 - Start completed.
14-05-2026 22:23:58.428 [main] [-] INFO  inventory-service-o.hibernate.orm.connections.pooling.logConnectionInfo - HHH10001005: Database info:
	Database JDBC URL [jdbc:postgresql://localhost:5432/Ecommerce]
	Database driver: PostgreSQL JDBC Driver
	Database dialect: PostgreSQLDialect
	Database version: 18.1
	Default catalog/schema: Ecommerce/public
	Autocommit mode: undefined/unknown
	Isolation level: READ_COMMITTED [default READ_COMMITTED]
	JDBC fetch size: none
	Pool: DataSourceConnectionProvider
	Minimum pool size: undefined/unknown
	Maximum pool size: undefined/unknown
14-05-2026 22:23:59.321 [main] [-] INFO  inventory-service-org.hibernate.orm.core.initiateService - HHH000489: No JTA platform available (set 'hibernate.transaction.jta.platform' to enable JTA platform integration)
14-05-2026 22:23:59.353 [main] [-] INFO  inventory-service-o.s.o.j.LocalContainerEntityManagerFactoryBean.buildNativeEntityManagerFactory - Initialized JPA EntityManagerFactory for persistence unit 'default'
14-05-2026 22:23:59.437 [main] [-] INFO  inventory-service-o.s.d.j.r.q.QueryEnhancerFactories.<clinit> - Hibernate is in classpath; If applicable, HQL parser will be used.
14-05-2026 22:23:59.587 [main] [-] WARN  inventory-service-o.s.b.w.s.s.c.AnnotationConfigServletWebServerApplicationContext.refresh - Exception encountered during context initialization - cancelling refresh attempt: org.springframework.beans.factory.BeanCreationException: Error creating bean with name 'kafkaTopicConfig': Injection of autowired dependencies failed
14-05-2026 22:23:59.588 [main] [-] INFO  inventory-service-o.s.o.j.LocalContainerEntityManagerFactoryBean.destroy - Closing JPA EntityManagerFactory for persistence unit 'default'
14-05-2026 22:23:59.602 [main] [-] INFO  inventory-service-com.zaxxer.hikari.HikariDataSource.close - HikariPool-1 - Shutdown initiated...
14-05-2026 22:23:59.607 [main] [-] INFO  inventory-service-com.zaxxer.hikari.HikariDataSource.close - HikariPool-1 - Shutdown completed.
14-05-2026 22:23:59.610 [main] [-] INFO  inventory-service-o.a.catalina.core.StandardService.log - Stopping service [Tomcat]
14-05-2026 22:23:59.625 [main] [-] INFO  inventory-service-o.s.b.a.l.ConditionEvaluationReportLogger.logMessage - 

Error starting ApplicationContext. To display the condition evaluation report re-run your application with 'debug' enabled.
14-05-2026 22:23:59.645 [main] [-] ERROR inventory-service-o.s.boot.SpringApplication.reportFailure - Application run failed
org.springframework.beans.factory.BeanCreationException: Error creating bean with name 'kafkaTopicConfig': Injection of autowired dependencies failed
	at org.springframework.beans.factory.annotation.AutowiredAnnotationBeanPostProcessor.postProcessProperties(AutowiredAnnotationBeanPostProcessor.java:499)
	at org.springframework.beans.factory.support.AbstractAutowireCapableBeanFactory.populateBean(AbstractAutowireCapableBeanFactory.java:1446)
	at org.springframework.beans.factory.support.AbstractAutowireCapableBeanFactory.doCreateBean(AbstractAutowireCapableBeanFactory.java:602)
	at org.springframework.beans.factory.support.AbstractAutowireCapableBeanFactory.createBean(AbstractAutowireCapableBeanFactory.java:525)
	at org.springframework.beans.factory.support.AbstractBeanFactory.lambda$doGetBean$0(AbstractBeanFactory.java:333)
	at org.springframework.beans.factory.support.DefaultSingletonBeanRegistry.getSingleton(DefaultSingletonBeanRegistry.java:371)
	at org.springframework.beans.factory.support.AbstractBeanFactory.doGetBean(AbstractBeanFactory.java:331)
	at org.springframework.beans.factory.support.AbstractBeanFactory.getBean(AbstractBeanFactory.java:196)
	at org.springframework.beans.factory.support.DefaultListableBeanFactory.instantiateSingleton(DefaultListableBeanFactory.java:1218)
	at org.springframework.beans.factory.support.DefaultListableBeanFactory.preInstantiateSingleton(DefaultListableBeanFactory.java:1184)
	at org.springframework.beans.factory.support.DefaultListableBeanFactory.preInstantiateSingletons(DefaultListableBeanFactory.java:1121)
	at org.springframework.context.support.AbstractApplicationContext.finishBeanFactoryInitialization(AbstractApplicationContext.java:994)
	at org.springframework.context.support.AbstractApplicationContext.refresh(AbstractApplicationContext.java:621)
	at org.springframework.boot.web.server.servlet.context.ServletWebServerApplicationContext.refresh(ServletWebServerApplicationContext.java:143)
	at org.springframework.boot.SpringApplication.refresh(SpringApplication.java:756)
	at org.springframework.boot.SpringApplication.refreshContext(SpringApplication.java:445)
	at org.springframework.boot.SpringApplication.run(SpringApplication.java:321)
	at org.springframework.boot.SpringApplication.run(SpringApplication.java:1365)
	at org.springframework.boot.SpringApplication.run(SpringApplication.java:1354)
	at com.ecommerce.inventory_service.InventoryServiceApplication.main(InventoryServiceApplication.java:12)
Caused by: org.springframework.util.PlaceholderResolutionException: Could not resolve placeholder 'kafka.topic.order-created-topic' in value "${kafka.topic.order-created-topic}"
	at org.springframework.util.PlaceholderResolutionException.withValue(PlaceholderResolutionException.java:81)
	at org.springframework.util.PlaceholderParser$ParsedValue.resolve(PlaceholderParser.java:296)
	at org.springframework.util.PlaceholderParser.replacePlaceholders(PlaceholderParser.java:129)
	at org.springframework.util.PropertyPlaceholderHelper.replacePlaceholders(PropertyPlaceholderHelper.java:96)
	at org.springframework.core.env.AbstractPropertyResolver.doResolvePlaceholders(AbstractPropertyResolver.java:286)
	at org.springframework.core.env.AbstractPropertyResolver.resolveRequiredPlaceholders(AbstractPropertyResolver.java:257)
	at org.springframework.context.support.PropertySourcesPlaceholderConfigurer.lambda$processProperties$0(PropertySourcesPlaceholderConfigurer.java:184)
	at org.springframework.beans.factory.support.AbstractBeanFactory.resolveEmbeddedValue(AbstractBeanFactory.java:959)
	at org.springframework.beans.factory.support.DefaultListableBeanFactory.doResolveDependency(DefaultListableBeanFactory.java:1672)
	at org.springframework.beans.factory.support.DefaultListableBeanFactory.resolveDependency(DefaultListableBeanFactory.java:1651)
	at org.springframework.beans.factory.annotation.AutowiredAnnotationBeanPostProcessor$AutowiredFieldElement.resolveFieldValue(AutowiredAnnotationBeanPostProcessor.java:764)
	at org.springframework.beans.factory.annotation.AutowiredAnnotationBeanPostProcessor$AutowiredFieldElement.inject(AutowiredAnnotationBeanPostProcessor.java:748)
	at org.springframework.beans.factory.annotation.InjectionMetadata.inject(InjectionMetadata.java:146)
	at org.springframework.beans.factory.annotation.AutowiredAnnotationBeanPostProcessor.postProcessProperties(AutowiredAnnotationBeanPostProcessor.java:493)
	... 19 common frames omitted
14-05-2026 22:25:53.172 [main] [-] INFO  inventory-service-c.e.i.InventoryServiceApplication.logStarting - Starting InventoryServiceApplication using Java 21.0.10 with PID 28724 (C:\Users\LENOVO\OneDrive\Documents\Projects\Ecommerce\inventory-service\target\classes started by LENOVO in C:\Users\LENOVO\OneDrive\Documents\Projects\Ecommerce)
14-05-2026 22:25:53.175 [main] [-] INFO  inventory-service-c.e.i.InventoryServiceApplication.logStartupProfileInfo - No active profile set, falling back to 1 default profile: "default"
14-05-2026 22:25:53.209 [main] [-] INFO  inventory-service-o.s.c.c.c.ConfigServerConfigDataLoader.log - Fetching config from server at : http://localhost:8888
14-05-2026 22:25:53.210 [main] [-] INFO  inventory-service-o.s.c.c.c.ConfigServerConfigDataLoader.log - Located environment: name=inventory-service, profiles=[default], label=null, version=1c4cc49fa58be6ccce93118b089aa54ddbdd264b, state=
14-05-2026 22:25:53.994 [main] [-] INFO  inventory-service-o.s.d.r.c.RepositoryConfigurationDelegate.registerRepositoriesIn - Bootstrapping Spring Data JPA repositories in DEFAULT mode.
14-05-2026 22:25:54.124 [main] [-] INFO  inventory-service-o.s.d.r.c.RepositoryConfigurationDelegate.registerRepositoriesIn - Finished Spring Data repository scanning in 119 ms. Found 1 JPA repository interface.
14-05-2026 22:25:54.574 [main] [-] INFO  inventory-service-o.s.cloud.context.scope.GenericScope.setSerializationId - BeanFactory id=cf515955-1b94-38ba-a65b-5862029351ca
14-05-2026 22:25:55.268 [main] [-] INFO  inventory-service-o.s.boot.tomcat.TomcatWebServer.initialize - Tomcat initialized with port 9010 (http)
14-05-2026 22:25:55.297 [main] [-] INFO  inventory-service-o.a.coyote.http11.Http11NioProtocol.log - Initializing ProtocolHandler ["http-nio-9010"]
14-05-2026 22:25:55.303 [main] [-] INFO  inventory-service-o.a.catalina.core.StandardService.log - Starting service [Tomcat]
14-05-2026 22:25:55.304 [main] [-] INFO  inventory-service-o.a.catalina.core.StandardEngine.log - Starting Servlet engine: [Apache Tomcat/11.0.20]
14-05-2026 22:25:55.449 [main] [-] INFO  inventory-service-o.s.b.w.c.s.WebApplicationContextInitializer.prepareWebApplicationContext - Root WebApplicationContext: initialization completed in 2238 ms
14-05-2026 22:25:55.959 [main] [-] INFO  inventory-service-org.hibernate.orm.jpa.logPersistenceUnitInformation - HHH008540: Processing PersistenceUnitInfo [name: default]
14-05-2026 22:25:56.006 [main] [-] INFO  inventory-service-org.hibernate.orm.core.logVersion - HHH000001: Hibernate ORM core version 7.2.7.Final
14-05-2026 22:25:56.359 [main] [-] INFO  inventory-service-o.s.o.j.p.SpringPersistenceUnitInfo.addTransformer - No LoadTimeWeaver setup: ignoring JPA class transformer
14-05-2026 22:25:56.387 [main] [-] INFO  inventory-service-com.zaxxer.hikari.HikariDataSource.getConnection - HikariPool-1 - Starting...
14-05-2026 22:25:56.512 [main] [-] INFO  inventory-service-com.zaxxer.hikari.pool.HikariPool.checkFailFast - HikariPool-1 - Added connection org.postgresql.jdbc.PgConnection@16eb01d4
14-05-2026 22:25:56.513 [main] [-] INFO  inventory-service-com.zaxxer.hikari.HikariDataSource.getConnection - HikariPool-1 - Start completed.
14-05-2026 22:25:56.580 [main] [-] INFO  inventory-service-o.hibernate.orm.connections.pooling.logConnectionInfo - HHH10001005: Database info:
	Database JDBC URL [jdbc:postgresql://localhost:5432/Ecommerce]
	Database driver: PostgreSQL JDBC Driver
	Database dialect: PostgreSQLDialect
	Database version: 18.1
	Default catalog/schema: Ecommerce/public
	Autocommit mode: undefined/unknown
	Isolation level: READ_COMMITTED [default READ_COMMITTED]
	JDBC fetch size: none
	Pool: DataSourceConnectionProvider
	Minimum pool size: undefined/unknown
	Maximum pool size: undefined/unknown
14-05-2026 22:25:57.214 [main] [-] INFO  inventory-service-org.hibernate.orm.core.initiateService - HHH000489: No JTA platform available (set 'hibernate.transaction.jta.platform' to enable JTA platform integration)
14-05-2026 22:25:57.247 [main] [-] INFO  inventory-service-o.s.o.j.LocalContainerEntityManagerFactoryBean.buildNativeEntityManagerFactory - Initialized JPA EntityManagerFactory for persistence unit 'default'
14-05-2026 22:25:57.309 [main] [-] INFO  inventory-service-o.s.d.j.r.q.QueryEnhancerFactories.<clinit> - Hibernate is in classpath; If applicable, HQL parser will be used.
14-05-2026 22:25:57.525 [main] [-] WARN  inventory-service-o.s.b.j.a.JpaBaseConfiguration$JpaWebConfiguration.openEntityManagerInViewInterceptor - spring.jpa.open-in-view is enabled by default. Therefore, database queries may be performed during view rendering. Explicitly configure spring.jpa.open-in-view to disable this warning
14-05-2026 22:25:58.570 [main] [-] INFO  inventory-service-o.s.cloud.commons.util.InetUtils.convertAddress - Cannot determine local hostname
14-05-2026 22:25:58.589 [main] [-] INFO  inventory-service-o.s.c.o.FeignClientFactoryBean.getTarget - For 'order-service' URL not provided. Will try picking an instance via load-balancing.
14-05-2026 22:26:00.437 [main] [-] INFO  inventory-service-o.s.cloud.commons.util.InetUtils.convertAddress - Cannot determine local hostname
14-05-2026 22:26:00.449 [main] [-] INFO  inventory-service-o.s.c.n.e.c.DiscoveryClientOptionalArgsConfiguration.restClientDiscoveryClientOptionalArgs - Eureka HTTP Client uses RestClient.
14-05-2026 22:26:00.474 [main] [-] WARN  inventory-service-o.s.c.l.c.LoadBalancerCacheAutoConfiguration$LoadBalancerCaffeineWarnLogger.afterPropertiesSet - Spring Cloud LoadBalancer is currently working with the default cache. While this cache implementation is useful for development and tests, it's recommended to use Caffeine cache in production.You can switch to using Caffeine cache, by adding it and org.springframework.cache.caffeine.CaffeineCacheManager to the classpath.
14-05-2026 22:26:00.486 [main] [-] INFO  inventory-service-o.s.b.a.e.web.EndpointLinksResolver.<init> - Exposing 16 endpoints beneath base path '/actuator'
14-05-2026 22:26:00.561 [main] [-] INFO  inventory-service-o.s.c.n.eureka.InstanceInfoFactory.create - Setting initial instance status as: STARTING
14-05-2026 22:26:00.575 [main] [-] INFO  inventory-service-c.netflix.discovery.DiscoveryClient.<init> - Initializing Eureka in region us-east-1
14-05-2026 22:26:00.579 [main] [-] INFO  inventory-service-c.n.d.s.r.aws.ConfigClusterResolver.getClusterEndpoints - Resolving eureka endpoints via configuration
14-05-2026 22:26:00.585 [main] [-] INFO  inventory-service-c.netflix.discovery.DiscoveryClient.fetchRegistry - Disable delta property : false
14-05-2026 22:26:00.585 [main] [-] INFO  inventory-service-c.netflix.discovery.DiscoveryClient.fetchRegistry - Single vip registry refresh property : null
14-05-2026 22:26:00.586 [main] [-] INFO  inventory-service-c.netflix.discovery.DiscoveryClient.fetchRegistry - Force full registry fetch : false
14-05-2026 22:26:00.586 [main] [-] INFO  inventory-service-c.netflix.discovery.DiscoveryClient.fetchRegistry - Application is null : false
14-05-2026 22:26:00.586 [main] [-] INFO  inventory-service-c.netflix.discovery.DiscoveryClient.fetchRegistry - Registered Applications size is zero : true
14-05-2026 22:26:00.586 [main] [-] INFO  inventory-service-c.netflix.discovery.DiscoveryClient.fetchRegistry - Application version is -1: true
14-05-2026 22:26:00.586 [main] [-] INFO  inventory-service-c.netflix.discovery.DiscoveryClient.getAndStoreFullRegistry - Getting all instance registry info from the eureka server
14-05-2026 22:26:00.720 [main] [-] INFO  inventory-service-c.netflix.discovery.DiscoveryClient.getAndStoreFullRegistry - The response status is 200
14-05-2026 22:26:00.722 [main] [-] INFO  inventory-service-c.netflix.discovery.DiscoveryClient.initScheduledTasks - Starting heartbeat executor: renew interval is: 30
14-05-2026 22:26:00.724 [main] [-] INFO  inventory-service-c.n.discovery.InstanceInfoReplicator.<init> - InstanceInfoReplicator onDemand update allowed rate per min is 4
14-05-2026 22:26:00.725 [main] [-] INFO  inventory-service-c.netflix.discovery.DiscoveryClient.<init> - Discovery Client initialized at timestamp 1778777760724 with initial instances count: 3
14-05-2026 22:26:00.727 [main] [-] INFO  inventory-service-o.s.c.n.e.s.EurekaServiceRegistry.register - Registering application INVENTORY-SERVICE with eureka with status UP
14-05-2026 22:26:00.727 [main] [-] INFO  inventory-service-c.netflix.discovery.DiscoveryClient.notify - Saw local status change event StatusChangeEvent [timestamp=1778777760727, current=UP, previous=STARTING]
14-05-2026 22:26:00.728 [DiscoveryClient-InstanceInfoReplicator-%d] [-] INFO  inventory-service-c.netflix.discovery.DiscoveryClient.register - DiscoveryClient_INVENTORY-SERVICE/localhost:inventory-service:9010: registering service...
14-05-2026 22:26:00.729 [main] [-] INFO  inventory-service-o.a.coyote.http11.Http11NioProtocol.log - Starting ProtocolHandler ["http-nio-9010"]
14-05-2026 22:26:00.752 [main] [-] INFO  inventory-service-o.s.boot.tomcat.TomcatWebServer.start - Tomcat started on port 9010 (http) with context path '/inventory'
14-05-2026 22:26:00.753 [main] [-] INFO  inventory-service-o.s.c.n.e.s.EurekaAutoServiceRegistration.onApplicationEvent - Updating port to 9010
14-05-2026 22:26:00.768 [DiscoveryClient-InstanceInfoReplicator-%d] [-] INFO  inventory-service-c.netflix.discovery.DiscoveryClient.register - DiscoveryClient_INVENTORY-SERVICE/localhost:inventory-service:9010 - registration status: 204
14-05-2026 22:26:01.767 [main] [-] INFO  inventory-service-o.s.cloud.commons.util.InetUtils.convertAddress - Cannot determine local hostname
14-05-2026 22:26:01.805 [main] [-] INFO  inventory-service-o.a.k.common.config.AbstractConfig.logAll - ConsumerConfig values: 
	allow.auto.create.topics = true
	auto.commit.interval.ms = 5000
	auto.offset.reset = latest
	bootstrap.servers = [localhost:9092]
	check.crcs = true
	client.dns.lookup = use_all_dns_ips
	client.id = consumer-inventory-service-1
	client.rack = 
	connections.max.idle.ms = 540000
	default.api.timeout.ms = 60000
	enable.auto.commit = false
	enable.metrics.push = true
	exclude.internal.topics = true
	fetch.max.bytes = 52428800
	fetch.max.wait.ms = 500
	fetch.min.bytes = 1
	group.id = inventory-service
	group.instance.id = null
	group.protocol = classic
	group.remote.assignor = null
	heartbeat.interval.ms = 3000
	interceptor.classes = []
	internal.leave.group.on.close = true
	internal.throw.on.fetch.stable.offset.unsupported = false
	isolation.level = read_uncommitted
	key.deserializer = class org.apache.kafka.common.serialization.IntegerDeserializer
	max.partition.fetch.bytes = 1048576
	max.poll.interval.ms = 300000
	max.poll.records = 500
	metadata.max.age.ms = 300000
	metadata.recovery.rebootstrap.trigger.ms = 300000
	metadata.recovery.strategy = rebootstrap
	metric.reporters = [org.apache.kafka.common.metrics.JmxReporter]
	metrics.num.samples = 2
	metrics.recording.level = INFO
	metrics.sample.window.ms = 30000
	partition.assignment.strategy = [class org.apache.kafka.clients.consumer.RangeAssignor, class org.apache.kafka.clients.consumer.CooperativeStickyAssignor]
	receive.buffer.bytes = 65536
	reconnect.backoff.max.ms = 1000
	reconnect.backoff.ms = 50
	request.timeout.ms = 30000
	retry.backoff.max.ms = 1000
	retry.backoff.ms = 100
	sasl.client.callback.handler.class = null
	sasl.jaas.config = null
	sasl.kerberos.kinit.cmd = /usr/bin/kinit
	sasl.kerberos.min.time.before.relogin = 60000
	sasl.kerberos.service.name = null
	sasl.kerberos.ticket.renew.jitter = 0.05
	sasl.kerberos.ticket.renew.window.factor = 0.8
	sasl.login.callback.handler.class = null
	sasl.login.class = null
	sasl.login.connect.timeout.ms = null
	sasl.login.read.timeout.ms = null
	sasl.login.refresh.buffer.seconds = 300
	sasl.login.refresh.min.period.seconds = 60
	sasl.login.refresh.window.factor = 0.8
	sasl.login.refresh.window.jitter = 0.05
	sasl.login.retry.backoff.max.ms = 10000
	sasl.login.retry.backoff.ms = 100
	sasl.mechanism = GSSAPI
	sasl.oauthbearer.assertion.algorithm = RS256
	sasl.oauthbearer.assertion.claim.aud = null
	sasl.oauthbearer.assertion.claim.exp.seconds = 300
	sasl.oauthbearer.assertion.claim.iss = null
	sasl.oauthbearer.assertion.claim.jti.include = false
	sasl.oauthbearer.assertion.claim.nbf.seconds = 60
	sasl.oauthbearer.assertion.claim.sub = null
	sasl.oauthbearer.assertion.file = null
	sasl.oauthbearer.assertion.private.key.file = null
	sasl.oauthbearer.assertion.private.key.passphrase = null
	sasl.oauthbearer.assertion.template.file = null
	sasl.oauthbearer.client.credentials.client.id = null
	sasl.oauthbearer.client.credentials.client.secret = null
	sasl.oauthbearer.clock.skew.seconds = 30
	sasl.oauthbearer.expected.audience = null
	sasl.oauthbearer.expected.issuer = null
	sasl.oauthbearer.header.urlencode = false
	sasl.oauthbearer.jwks.endpoint.refresh.ms = 3600000
	sasl.oauthbearer.jwks.endpoint.retry.backoff.max.ms = 10000
	sasl.oauthbearer.jwks.endpoint.retry.backoff.ms = 100
	sasl.oauthbearer.jwks.endpoint.url = null
	sasl.oauthbearer.jwt.retriever.class = class org.apache.kafka.common.security.oauthbearer.DefaultJwtRetriever
	sasl.oauthbearer.jwt.validator.class = class org.apache.kafka.common.security.oauthbearer.DefaultJwtValidator
	sasl.oauthbearer.scope = null
	sasl.oauthbearer.scope.claim.name = scope
	sasl.oauthbearer.sub.claim.name = sub
	sasl.oauthbearer.token.endpoint.url = null
	security.protocol = PLAINTEXT
	security.providers = null
	send.buffer.bytes = 131072
	session.timeout.ms = 45000
	share.acknowledgement.mode = implicit
	socket.connection.setup.timeout.max.ms = 30000
	socket.connection.setup.timeout.ms = 10000
	ssl.cipher.suites = null
	ssl.enabled.protocols = [TLSv1.2, TLSv1.3]
	ssl.endpoint.identification.algorithm = https
	ssl.engine.factory.class = null
	ssl.key.password = null
	ssl.keymanager.algorithm = SunX509
	ssl.keystore.certificate.chain = null
	ssl.keystore.key = null
	ssl.keystore.location = null
	ssl.keystore.password = null
	ssl.keystore.type = JKS
	ssl.protocol = TLSv1.3
	ssl.provider = null
	ssl.secure.random.implementation = null
	ssl.trustmanager.algorithm = PKIX
	ssl.truststore.certificates = null
	ssl.truststore.location = null
	ssl.truststore.password = null
	ssl.truststore.type = JKS
	value.deserializer = class org.springframework.kafka.support.serializer.JsonDeserializer

14-05-2026 22:26:01.845 [main] [-] INFO  inventory-service-o.a.k.c.t.i.KafkaMetricsCollector.init - initializing Kafka metrics collector
14-05-2026 22:26:01.983 [main] [-] INFO  inventory-service-o.a.k.common.config.AbstractConfig.logUnused - These configurations '[schema.registry.url, specific.avro.reader]' were supplied but are not used yet.
14-05-2026 22:26:01.985 [main] [-] INFO  inventory-service-o.a.kafka.common.utils.AppInfoParser.<init> - Kafka version: 4.1.2
14-05-2026 22:26:01.985 [main] [-] INFO  inventory-service-o.a.kafka.common.utils.AppInfoParser.<init> - Kafka commitId: c82fd9b934b4c1e6
14-05-2026 22:26:01.985 [main] [-] INFO  inventory-service-o.a.kafka.common.utils.AppInfoParser.<init> - Kafka startTimeMs: 1778777761983
14-05-2026 22:26:01.994 [main] [-] INFO  inventory-service-o.a.k.c.c.i.ClassicKafkaConsumer.subscribeInternal - [Consumer clientId=consumer-inventory-service-1, groupId=inventory-service] Subscribed to topic(s): KAFKA_ORDER_CREATED_TOPIC
14-05-2026 22:26:02.004 [main] [-] INFO  inventory-service-o.a.k.common.config.AbstractConfig.logAll - ConsumerConfig values: 
	allow.auto.create.topics = true
	auto.commit.interval.ms = 5000
	auto.offset.reset = latest
	bootstrap.servers = [localhost:9092]
	check.crcs = true
	client.dns.lookup = use_all_dns_ips
	client.id = consumer-inventory-service-2
	client.rack = 
	connections.max.idle.ms = 540000
	default.api.timeout.ms = 60000
	enable.auto.commit = false
	enable.metrics.push = true
	exclude.internal.topics = true
	fetch.max.bytes = 52428800
	fetch.max.wait.ms = 500
	fetch.min.bytes = 1
	group.id = inventory-service
	group.instance.id = null
	group.protocol = classic
	group.remote.assignor = null
	heartbeat.interval.ms = 3000
	interceptor.classes = []
	internal.leave.group.on.close = true
	internal.throw.on.fetch.stable.offset.unsupported = false
	isolation.level = read_uncommitted
	key.deserializer = class org.apache.kafka.common.serialization.IntegerDeserializer
	max.partition.fetch.bytes = 1048576
	max.poll.interval.ms = 300000
	max.poll.records = 500
	metadata.max.age.ms = 300000
	metadata.recovery.rebootstrap.trigger.ms = 300000
	metadata.recovery.strategy = rebootstrap
	metric.reporters = [org.apache.kafka.common.metrics.JmxReporter]
	metrics.num.samples = 2
	metrics.recording.level = INFO
	metrics.sample.window.ms = 30000
	partition.assignment.strategy = [class org.apache.kafka.clients.consumer.RangeAssignor, class org.apache.kafka.clients.consumer.CooperativeStickyAssignor]
	receive.buffer.bytes = 65536
	reconnect.backoff.max.ms = 1000
	reconnect.backoff.ms = 50
	request.timeout.ms = 30000
	retry.backoff.max.ms = 1000
	retry.backoff.ms = 100
	sasl.client.callback.handler.class = null
	sasl.jaas.config = null
	sasl.kerberos.kinit.cmd = /usr/bin/kinit
	sasl.kerberos.min.time.before.relogin = 60000
	sasl.kerberos.service.name = null
	sasl.kerberos.ticket.renew.jitter = 0.05
	sasl.kerberos.ticket.renew.window.factor = 0.8
	sasl.login.callback.handler.class = null
	sasl.login.class = null
	sasl.login.connect.timeout.ms = null
	sasl.login.read.timeout.ms = null
	sasl.login.refresh.buffer.seconds = 300
	sasl.login.refresh.min.period.seconds = 60
	sasl.login.refresh.window.factor = 0.8
	sasl.login.refresh.window.jitter = 0.05
	sasl.login.retry.backoff.max.ms = 10000
	sasl.login.retry.backoff.ms = 100
	sasl.mechanism = GSSAPI
	sasl.oauthbearer.assertion.algorithm = RS256
	sasl.oauthbearer.assertion.claim.aud = null
	sasl.oauthbearer.assertion.claim.exp.seconds = 300
	sasl.oauthbearer.assertion.claim.iss = null
	sasl.oauthbearer.assertion.claim.jti.include = false
	sasl.oauthbearer.assertion.claim.nbf.seconds = 60
	sasl.oauthbearer.assertion.claim.sub = null
	sasl.oauthbearer.assertion.file = null
	sasl.oauthbearer.assertion.private.key.file = null
	sasl.oauthbearer.assertion.private.key.passphrase = null
	sasl.oauthbearer.assertion.template.file = null
	sasl.oauthbearer.client.credentials.client.id = null
	sasl.oauthbearer.client.credentials.client.secret = null
	sasl.oauthbearer.clock.skew.seconds = 30
	sasl.oauthbearer.expected.audience = null
	sasl.oauthbearer.expected.issuer = null
	sasl.oauthbearer.header.urlencode = false
	sasl.oauthbearer.jwks.endpoint.refresh.ms = 3600000
	sasl.oauthbearer.jwks.endpoint.retry.backoff.max.ms = 10000
	sasl.oauthbearer.jwks.endpoint.retry.backoff.ms = 100
	sasl.oauthbearer.jwks.endpoint.url = null
	sasl.oauthbearer.jwt.retriever.class = class org.apache.kafka.common.security.oauthbearer.DefaultJwtRetriever
	sasl.oauthbearer.jwt.validator.class = class org.apache.kafka.common.security.oauthbearer.DefaultJwtValidator
	sasl.oauthbearer.scope = null
	sasl.oauthbearer.scope.claim.name = scope
	sasl.oauthbearer.sub.claim.name = sub
	sasl.oauthbearer.token.endpoint.url = null
	security.protocol = PLAINTEXT
	security.providers = null
	send.buffer.bytes = 131072
	session.timeout.ms = 45000
	share.acknowledgement.mode = implicit
	socket.connection.setup.timeout.max.ms = 30000
	socket.connection.setup.timeout.ms = 10000
	ssl.cipher.suites = null
	ssl.enabled.protocols = [TLSv1.2, TLSv1.3]
	ssl.endpoint.identification.algorithm = https
	ssl.engine.factory.class = null
	ssl.key.password = null
	ssl.keymanager.algorithm = SunX509
	ssl.keystore.certificate.chain = null
	ssl.keystore.key = null
	ssl.keystore.location = null
	ssl.keystore.password = null
	ssl.keystore.type = JKS
	ssl.protocol = TLSv1.3
	ssl.provider = null
	ssl.secure.random.implementation = null
	ssl.trustmanager.algorithm = PKIX
	ssl.truststore.certificates = null
	ssl.truststore.location = null
	ssl.truststore.password = null
	ssl.truststore.type = JKS
	value.deserializer = class org.springframework.kafka.support.serializer.JsonDeserializer

14-05-2026 22:26:02.004 [main] [-] INFO  inventory-service-o.a.k.c.t.i.KafkaMetricsCollector.init - initializing Kafka metrics collector
14-05-2026 22:26:02.012 [main] [-] INFO  inventory-service-o.a.k.common.config.AbstractConfig.logUnused - These configurations '[schema.registry.url, specific.avro.reader]' were supplied but are not used yet.
14-05-2026 22:26:02.012 [main] [-] INFO  inventory-service-o.a.kafka.common.utils.AppInfoParser.<init> - Kafka version: 4.1.2
14-05-2026 22:26:02.012 [main] [-] INFO  inventory-service-o.a.kafka.common.utils.AppInfoParser.<init> - Kafka commitId: c82fd9b934b4c1e6
14-05-2026 22:26:02.012 [main] [-] INFO  inventory-service-o.a.kafka.common.utils.AppInfoParser.<init> - Kafka startTimeMs: 1778777762012
14-05-2026 22:26:02.016 [main] [-] INFO  inventory-service-o.a.k.c.c.i.ClassicKafkaConsumer.subscribeInternal - [Consumer clientId=consumer-inventory-service-2, groupId=inventory-service] Subscribed to topic(s): order-created-topic
14-05-2026 22:26:02.027 [main] [-] INFO  inventory-service-c.e.i.InventoryServiceApplication.logStarted - Started InventoryServiceApplication in 12.452 seconds (process running for 13.104)
14-05-2026 22:26:02.353 [org.springframework.kafka.KafkaListenerEndpointContainer#0-0-C-1] [-] WARN  inventory-service-o.apache.kafka.clients.NetworkClient.handleSuccessfulResponse - [Consumer clientId=consumer-inventory-service-1, groupId=inventory-service] The metadata response from the cluster reported a recoverable issue with correlation id 2 : {KAFKA_ORDER_CREATED_TOPIC=UNKNOWN_TOPIC_OR_PARTITION}
14-05-2026 22:26:02.354 [org.springframework.kafka.KafkaListenerEndpointContainer#0-0-C-1] [-] INFO  inventory-service-org.apache.kafka.clients.Metadata.update - [Consumer clientId=consumer-inventory-service-1, groupId=inventory-service] Cluster ID: 5L6g3nShT-eMCtK--X86sw
14-05-2026 22:26:02.354 [org.springframework.kafka.KafkaListenerEndpointContainer#1-0-C-1] [-] INFO  inventory-service-org.apache.kafka.clients.Metadata.update - [Consumer clientId=consumer-inventory-service-2, groupId=inventory-service] Cluster ID: 5L6g3nShT-eMCtK--X86sw
14-05-2026 22:26:02.469 [org.springframework.kafka.KafkaListenerEndpointContainer#0-0-C-1] [-] INFO  inventory-service-o.a.k.c.c.i.ConsumerCoordinator.onSuccess - [Consumer clientId=consumer-inventory-service-1, groupId=inventory-service] Discovered group coordinator localhost:9092 (id: 2147483646 rack: null isFenced: false)
14-05-2026 22:26:02.470 [org.springframework.kafka.KafkaListenerEndpointContainer#0-0-C-1] [-] INFO  inventory-service-o.a.k.c.c.i.ConsumerCoordinator.sendJoinGroupRequest - [Consumer clientId=consumer-inventory-service-1, groupId=inventory-service] (Re-)joining group
14-05-2026 22:26:02.485 [org.springframework.kafka.KafkaListenerEndpointContainer#1-0-C-1] [-] INFO  inventory-service-o.a.k.c.c.i.ConsumerCoordinator.onSuccess - [Consumer clientId=consumer-inventory-service-2, groupId=inventory-service] Discovered group coordinator localhost:9092 (id: 2147483646 rack: null isFenced: false)
14-05-2026 22:26:02.487 [org.springframework.kafka.KafkaListenerEndpointContainer#1-0-C-1] [-] INFO  inventory-service-o.a.k.c.c.i.ConsumerCoordinator.sendJoinGroupRequest - [Consumer clientId=consumer-inventory-service-2, groupId=inventory-service] (Re-)joining group
14-05-2026 22:26:02.493 [org.springframework.kafka.KafkaListenerEndpointContainer#0-0-C-1] [-] INFO  inventory-service-o.a.k.c.c.i.ConsumerCoordinator.markCoordinatorUnknown - [Consumer clientId=consumer-inventory-service-1, groupId=inventory-service] Group coordinator localhost:9092 (id: 2147483646 rack: null isFenced: false) is unavailable or invalid due to cause: error response NOT_COORDINATOR. isDisconnected: false. Rediscovery will be attempted.
14-05-2026 22:26:02.494 [org.springframework.kafka.KafkaListenerEndpointContainer#1-0-C-1] [-] INFO  inventory-service-o.a.k.c.c.i.ConsumerCoordinator.markCoordinatorUnknown - [Consumer clientId=consumer-inventory-service-2, groupId=inventory-service] Group coordinator localhost:9092 (id: 2147483646 rack: null isFenced: false) is unavailable or invalid due to cause: error response NOT_COORDINATOR. isDisconnected: false. Rediscovery will be attempted.
14-05-2026 22:26:02.494 [org.springframework.kafka.KafkaListenerEndpointContainer#0-0-C-1] [-] INFO  inventory-service-o.a.k.c.c.i.ConsumerCoordinator.markCoordinatorUnknown - [Consumer clientId=consumer-inventory-service-1, groupId=inventory-service] Requesting disconnect from last known coordinator localhost:9092 (id: 2147483646 rack: null isFenced: false)
14-05-2026 22:26:02.494 [org.springframework.kafka.KafkaListenerEndpointContainer#1-0-C-1] [-] INFO  inventory-service-o.a.k.c.c.i.ConsumerCoordinator.markCoordinatorUnknown - [Consumer clientId=consumer-inventory-service-2, groupId=inventory-service] Requesting disconnect from last known coordinator localhost:9092 (id: 2147483646 rack: null isFenced: false)
14-05-2026 22:26:02.494 [org.springframework.kafka.KafkaListenerEndpointContainer#0-0-C-1] [-] INFO  inventory-service-o.a.k.c.c.i.ConsumerCoordinator.handle - [Consumer clientId=consumer-inventory-service-1, groupId=inventory-service] JoinGroup failed: This is not the correct coordinator. Marking coordinator unknown. Sent generation was Generation{generationId=-1, memberId='', protocol='null'}
14-05-2026 22:26:02.494 [org.springframework.kafka.KafkaListenerEndpointContainer#1-0-C-1] [-] INFO  inventory-service-o.a.k.c.c.i.ConsumerCoordinator.handle - [Consumer clientId=consumer-inventory-service-2, groupId=inventory-service] JoinGroup failed: This is not the correct coordinator. Marking coordinator unknown. Sent generation was Generation{generationId=-1, memberId='', protocol='null'}
14-05-2026 22:26:02.494 [org.springframework.kafka.KafkaListenerEndpointContainer#0-0-C-1] [-] INFO  inventory-service-o.apache.kafka.clients.NetworkClient.disconnect - [Consumer clientId=consumer-inventory-service-1, groupId=inventory-service] Client requested disconnect from node 2147483646
14-05-2026 22:26:02.494 [org.springframework.kafka.KafkaListenerEndpointContainer#1-0-C-1] [-] INFO  inventory-service-o.apache.kafka.clients.NetworkClient.disconnect - [Consumer clientId=consumer-inventory-service-2, groupId=inventory-service] Client requested disconnect from node 2147483646
14-05-2026 22:26:02.498 [org.springframework.kafka.KafkaListenerEndpointContainer#0-0-C-1] [-] INFO  inventory-service-o.a.k.c.c.i.ConsumerCoordinator.onSuccess - [Consumer clientId=consumer-inventory-service-1, groupId=inventory-service] Discovered group coordinator localhost:9092 (id: 2147483646 rack: null isFenced: false)
14-05-2026 22:26:02.498 [org.springframework.kafka.KafkaListenerEndpointContainer#1-0-C-1] [-] INFO  inventory-service-o.a.k.c.c.i.ConsumerCoordinator.onSuccess - [Consumer clientId=consumer-inventory-service-2, groupId=inventory-service] Discovered group coordinator localhost:9092 (id: 2147483646 rack: null isFenced: false)
14-05-2026 22:26:02.498 [org.springframework.kafka.KafkaListenerEndpointContainer#0-0-C-1] [-] INFO  inventory-service-o.a.k.c.c.i.ConsumerCoordinator.markCoordinatorUnknown - [Consumer clientId=consumer-inventory-service-1, groupId=inventory-service] Group coordinator localhost:9092 (id: 2147483646 rack: null isFenced: false) is unavailable or invalid due to cause: coordinator unavailable. isDisconnected: false. Rediscovery will be attempted.
14-05-2026 22:26:02.498 [org.springframework.kafka.KafkaListenerEndpointContainer#1-0-C-1] [-] INFO  inventory-service-o.a.k.c.c.i.ConsumerCoordinator.markCoordinatorUnknown - [Consumer clientId=consumer-inventory-service-2, groupId=inventory-service] Group coordinator localhost:9092 (id: 2147483646 rack: null isFenced: false) is unavailable or invalid due to cause: coordinator unavailable. isDisconnected: false. Rediscovery will be attempted.
14-05-2026 22:26:02.498 [org.springframework.kafka.KafkaListenerEndpointContainer#0-0-C-1] [-] INFO  inventory-service-o.a.k.c.c.i.ConsumerCoordinator.markCoordinatorUnknown - [Consumer clientId=consumer-inventory-service-1, groupId=inventory-service] Requesting disconnect from last known coordinator localhost:9092 (id: 2147483646 rack: null isFenced: false)
14-05-2026 22:26:02.498 [org.springframework.kafka.KafkaListenerEndpointContainer#1-0-C-1] [-] INFO  inventory-service-o.a.k.c.c.i.ConsumerCoordinator.markCoordinatorUnknown - [Consumer clientId=consumer-inventory-service-2, groupId=inventory-service] Requesting disconnect from last known coordinator localhost:9092 (id: 2147483646 rack: null isFenced: false)
14-05-2026 22:26:02.592 [org.springframework.kafka.KafkaListenerEndpointContainer#1-0-C-1] [-] INFO  inventory-service-o.a.k.c.c.i.ConsumerCoordinator.onSuccess - [Consumer clientId=consumer-inventory-service-2, groupId=inventory-service] Discovered group coordinator localhost:9092 (id: 2147483646 rack: null isFenced: false)
14-05-2026 22:26:02.595 [org.springframework.kafka.KafkaListenerEndpointContainer#1-0-C-1] [-] INFO  inventory-service-o.a.k.c.c.i.ConsumerCoordinator.requestRejoin - [Consumer clientId=consumer-inventory-service-2, groupId=inventory-service] Request joining group due to: rebalance failed due to 'This is not the correct coordinator.' (NotCoordinatorException)
14-05-2026 22:26:02.595 [org.springframework.kafka.KafkaListenerEndpointContainer#1-0-C-1] [-] INFO  inventory-service-o.a.k.c.c.i.ConsumerCoordinator.sendJoinGroupRequest - [Consumer clientId=consumer-inventory-service-2, groupId=inventory-service] (Re-)joining group
14-05-2026 22:26:02.601 [org.springframework.kafka.KafkaListenerEndpointContainer#1-0-C-1] [-] INFO  inventory-service-o.a.k.c.c.i.ConsumerCoordinator.markCoordinatorUnknown - [Consumer clientId=consumer-inventory-service-2, groupId=inventory-service] Group coordinator localhost:9092 (id: 2147483646 rack: null isFenced: false) is unavailable or invalid due to cause: error response NOT_COORDINATOR. isDisconnected: false. Rediscovery will be attempted.
14-05-2026 22:26:02.601 [org.springframework.kafka.KafkaListenerEndpointContainer#1-0-C-1] [-] INFO  inventory-service-o.a.k.c.c.i.ConsumerCoordinator.markCoordinatorUnknown - [Consumer clientId=consumer-inventory-service-2, groupId=inventory-service] Requesting disconnect from last known coordinator localhost:9092 (id: 2147483646 rack: null isFenced: false)
14-05-2026 22:26:02.601 [org.springframework.kafka.KafkaListenerEndpointContainer#1-0-C-1] [-] INFO  inventory-service-o.a.k.c.c.i.ConsumerCoordinator.handle - [Consumer clientId=consumer-inventory-service-2, groupId=inventory-service] JoinGroup failed: This is not the correct coordinator. Marking coordinator unknown. Sent generation was Generation{generationId=-1, memberId='', protocol='null'}
14-05-2026 22:26:02.601 [org.springframework.kafka.KafkaListenerEndpointContainer#1-0-C-1] [-] INFO  inventory-service-o.apache.kafka.clients.NetworkClient.disconnect - [Consumer clientId=consumer-inventory-service-2, groupId=inventory-service] Client requested disconnect from node 2147483646
14-05-2026 22:26:02.607 [org.springframework.kafka.KafkaListenerEndpointContainer#1-0-C-1] [-] INFO  inventory-service-o.a.k.c.c.i.ConsumerCoordinator.onSuccess - [Consumer clientId=consumer-inventory-service-2, groupId=inventory-service] Discovered group coordinator localhost:9092 (id: 2147483646 rack: null isFenced: false)
14-05-2026 22:26:02.607 [org.springframework.kafka.KafkaListenerEndpointContainer#0-0-C-1] [-] INFO  inventory-service-o.a.k.c.c.i.ConsumerCoordinator.onSuccess - [Consumer clientId=consumer-inventory-service-1, groupId=inventory-service] Discovered group coordinator localhost:9092 (id: 2147483646 rack: null isFenced: false)
14-05-2026 22:26:02.608 [org.springframework.kafka.KafkaListenerEndpointContainer#1-0-C-1] [-] INFO  inventory-service-o.a.k.c.c.i.ConsumerCoordinator.markCoordinatorUnknown - [Consumer clientId=consumer-inventory-service-2, groupId=inventory-service] Group coordinator localhost:9092 (id: 2147483646 rack: null isFenced: false) is unavailable or invalid due to cause: coordinator unavailable. isDisconnected: false. Rediscovery will be attempted.
14-05-2026 22:26:02.608 [org.springframework.kafka.KafkaListenerEndpointContainer#1-0-C-1] [-] INFO  inventory-service-o.a.k.c.c.i.ConsumerCoordinator.markCoordinatorUnknown - [Consumer clientId=consumer-inventory-service-2, groupId=inventory-service] Requesting disconnect from last known coordinator localhost:9092 (id: 2147483646 rack: null isFenced: false)
14-05-2026 22:26:02.609 [org.springframework.kafka.KafkaListenerEndpointContainer#0-0-C-1] [-] INFO  inventory-service-o.a.k.c.c.i.ConsumerCoordinator.requestRejoin - [Consumer clientId=consumer-inventory-service-1, groupId=inventory-service] Request joining group due to: rebalance failed due to 'This is not the correct coordinator.' (NotCoordinatorException)
14-05-2026 22:26:02.610 [org.springframework.kafka.KafkaListenerEndpointContainer#0-0-C-1] [-] INFO  inventory-service-o.a.k.c.c.i.ConsumerCoordinator.sendJoinGroupRequest - [Consumer clientId=consumer-inventory-service-1, groupId=inventory-service] (Re-)joining group
14-05-2026 22:26:02.616 [org.springframework.kafka.KafkaListenerEndpointContainer#0-0-C-1] [-] INFO  inventory-service-o.a.k.c.c.i.ConsumerCoordinator.markCoordinatorUnknown - [Consumer clientId=consumer-inventory-service-1, groupId=inventory-service] Group coordinator localhost:9092 (id: 2147483646 rack: null isFenced: false) is unavailable or invalid due to cause: error response NOT_COORDINATOR. isDisconnected: false. Rediscovery will be attempted.
14-05-2026 22:26:02.616 [org.springframework.kafka.KafkaListenerEndpointContainer#0-0-C-1] [-] INFO  inventory-service-o.a.k.c.c.i.ConsumerCoordinator.markCoordinatorUnknown - [Consumer clientId=consumer-inventory-service-1, groupId=inventory-service] Requesting disconnect from last known coordinator localhost:9092 (id: 2147483646 rack: null isFenced: false)
14-05-2026 22:26:02.616 [org.springframework.kafka.KafkaListenerEndpointContainer#0-0-C-1] [-] INFO  inventory-service-o.a.k.c.c.i.ConsumerCoordinator.handle - [Consumer clientId=consumer-inventory-service-1, groupId=inventory-service] JoinGroup failed: This is not the correct coordinator. Marking coordinator unknown. Sent generation was Generation{generationId=-1, memberId='', protocol='null'}
14-05-2026 22:26:02.616 [org.springframework.kafka.KafkaListenerEndpointContainer#0-0-C-1] [-] INFO  inventory-service-o.apache.kafka.clients.NetworkClient.disconnect - [Consumer clientId=consumer-inventory-service-1, groupId=inventory-service] Client requested disconnect from node 2147483646
14-05-2026 22:26:02.620 [org.springframework.kafka.KafkaListenerEndpointContainer#0-0-C-1] [-] INFO  inventory-service-o.a.k.c.c.i.ConsumerCoordinator.onSuccess - [Consumer clientId=consumer-inventory-service-1, groupId=inventory-service] Discovered group coordinator localhost:9092 (id: 2147483646 rack: null isFenced: false)
14-05-2026 22:26:02.621 [org.springframework.kafka.KafkaListenerEndpointContainer#0-0-C-1] [-] INFO  inventory-service-o.a.k.c.c.i.ConsumerCoordinator.markCoordinatorUnknown - [Consumer clientId=consumer-inventory-service-1, groupId=inventory-service] Group coordinator localhost:9092 (id: 2147483646 rack: null isFenced: false) is unavailable or invalid due to cause: coordinator unavailable. isDisconnected: false. Rediscovery will be attempted.
14-05-2026 22:26:02.621 [org.springframework.kafka.KafkaListenerEndpointContainer#0-0-C-1] [-] INFO  inventory-service-o.a.k.c.c.i.ConsumerCoordinator.markCoordinatorUnknown - [Consumer clientId=consumer-inventory-service-1, groupId=inventory-service] Requesting disconnect from last known coordinator localhost:9092 (id: 2147483646 rack: null isFenced: false)
14-05-2026 22:26:02.725 [org.springframework.kafka.KafkaListenerEndpointContainer#1-0-C-1] [-] INFO  inventory-service-o.a.k.c.c.i.ConsumerCoordinator.onSuccess - [Consumer clientId=consumer-inventory-service-2, groupId=inventory-service] Discovered group coordinator localhost:9092 (id: 2147483646 rack: null isFenced: false)
14-05-2026 22:26:02.726 [org.springframework.kafka.KafkaListenerEndpointContainer#1-0-C-1] [-] INFO  inventory-service-o.a.k.c.c.i.ConsumerCoordinator.requestRejoin - [Consumer clientId=consumer-inventory-service-2, groupId=inventory-service] Request joining group due to: rebalance failed due to 'This is not the correct coordinator.' (NotCoordinatorException)
14-05-2026 22:26:02.726 [org.springframework.kafka.KafkaListenerEndpointContainer#1-0-C-1] [-] INFO  inventory-service-o.a.k.c.c.i.ConsumerCoordinator.sendJoinGroupRequest - [Consumer clientId=consumer-inventory-service-2, groupId=inventory-service] (Re-)joining group
14-05-2026 22:26:02.733 [org.springframework.kafka.KafkaListenerEndpointContainer#1-0-C-1] [-] INFO  inventory-service-o.a.k.c.c.i.ConsumerCoordinator.markCoordinatorUnknown - [Consumer clientId=consumer-inventory-service-2, groupId=inventory-service] Group coordinator localhost:9092 (id: 2147483646 rack: null isFenced: false) is unavailable or invalid due to cause: error response NOT_COORDINATOR. isDisconnected: false. Rediscovery will be attempted.
14-05-2026 22:26:02.734 [org.springframework.kafka.KafkaListenerEndpointContainer#1-0-C-1] [-] INFO  inventory-service-o.a.k.c.c.i.ConsumerCoordinator.markCoordinatorUnknown - [Consumer clientId=consumer-inventory-service-2, groupId=inventory-service] Requesting disconnect from last known coordinator localhost:9092 (id: 2147483646 rack: null isFenced: false)
14-05-2026 22:26:02.735 [org.springframework.kafka.KafkaListenerEndpointContainer#1-0-C-1] [-] INFO  inventory-service-o.a.k.c.c.i.ConsumerCoordinator.handle - [Consumer clientId=consumer-inventory-service-2, groupId=inventory-service] JoinGroup failed: This is not the correct coordinator. Marking coordinator unknown. Sent generation was Generation{generationId=-1, memberId='', protocol='null'}
14-05-2026 22:26:02.735 [org.springframework.kafka.KafkaListenerEndpointContainer#1-0-C-1] [-] INFO  inventory-service-o.apache.kafka.clients.NetworkClient.disconnect - [Consumer clientId=consumer-inventory-service-2, groupId=inventory-service] Client requested disconnect from node 2147483646
14-05-2026 22:26:02.738 [org.springframework.kafka.KafkaListenerEndpointContainer#1-0-C-1] [-] INFO  inventory-service-o.a.k.c.c.i.ConsumerCoordinator.onSuccess - [Consumer clientId=consumer-inventory-service-2, groupId=inventory-service] Discovered group coordinator localhost:9092 (id: 2147483646 rack: null isFenced: false)
14-05-2026 22:26:02.738 [org.springframework.kafka.KafkaListenerEndpointContainer#1-0-C-1] [-] INFO  inventory-service-o.a.k.c.c.i.ConsumerCoordinator.markCoordinatorUnknown - [Consumer clientId=consumer-inventory-service-2, groupId=inventory-service] Group coordinator localhost:9092 (id: 2147483646 rack: null isFenced: false) is unavailable or invalid due to cause: coordinator unavailable. isDisconnected: false. Rediscovery will be attempted.
14-05-2026 22:26:02.739 [org.springframework.kafka.KafkaListenerEndpointContainer#1-0-C-1] [-] INFO  inventory-service-o.a.k.c.c.i.ConsumerCoordinator.markCoordinatorUnknown - [Consumer clientId=consumer-inventory-service-2, groupId=inventory-service] Requesting disconnect from last known coordinator localhost:9092 (id: 2147483646 rack: null isFenced: false)
14-05-2026 22:26:02.741 [org.springframework.kafka.KafkaListenerEndpointContainer#0-0-C-1] [-] INFO  inventory-service-o.a.k.c.c.i.ConsumerCoordinator.onSuccess - [Consumer clientId=consumer-inventory-service-1, groupId=inventory-service] Discovered group coordinator localhost:9092 (id: 2147483646 rack: null isFenced: false)
14-05-2026 22:26:02.742 [org.springframework.kafka.KafkaListenerEndpointContainer#0-0-C-1] [-] INFO  inventory-service-o.a.k.c.c.i.ConsumerCoordinator.requestRejoin - [Consumer clientId=consumer-inventory-service-1, groupId=inventory-service] Request joining group due to: rebalance failed due to 'This is not the correct coordinator.' (NotCoordinatorException)
14-05-2026 22:26:02.742 [org.springframework.kafka.KafkaListenerEndpointContainer#0-0-C-1] [-] INFO  inventory-service-o.a.k.c.c.i.ConsumerCoordinator.sendJoinGroupRequest - [Consumer clientId=consumer-inventory-service-1, groupId=inventory-service] (Re-)joining group
14-05-2026 22:26:02.747 [org.springframework.kafka.KafkaListenerEndpointContainer#0-0-C-1] [-] INFO  inventory-service-o.a.k.c.c.i.ConsumerCoordinator.markCoordinatorUnknown - [Consumer clientId=consumer-inventory-service-1, groupId=inventory-service] Group coordinator localhost:9092 (id: 2147483646 rack: null isFenced: false) is unavailable or invalid due to cause: error response NOT_COORDINATOR. isDisconnected: false. Rediscovery will be attempted.
14-05-2026 22:26:02.748 [org.springframework.kafka.KafkaListenerEndpointContainer#0-0-C-1] [-] INFO  inventory-service-o.a.k.c.c.i.ConsumerCoordinator.markCoordinatorUnknown - [Consumer clientId=consumer-inventory-service-1, groupId=inventory-service] Requesting disconnect from last known coordinator localhost:9092 (id: 2147483646 rack: null isFenced: false)
14-05-2026 22:26:02.748 [org.springframework.kafka.KafkaListenerEndpointContainer#0-0-C-1] [-] INFO  inventory-service-o.a.k.c.c.i.ConsumerCoordinator.handle - [Consumer clientId=consumer-inventory-service-1, groupId=inventory-service] JoinGroup failed: This is not the correct coordinator. Marking coordinator unknown. Sent generation was Generation{generationId=-1, memberId='', protocol='null'}
14-05-2026 22:26:02.749 [org.springframework.kafka.KafkaListenerEndpointContainer#0-0-C-1] [-] INFO  inventory-service-o.apache.kafka.clients.NetworkClient.disconnect - [Consumer clientId=consumer-inventory-service-1, groupId=inventory-service] Client requested disconnect from node 2147483646
14-05-2026 22:26:02.751 [org.springframework.kafka.KafkaListenerEndpointContainer#0-0-C-1] [-] INFO  inventory-service-o.a.k.c.c.i.ConsumerCoordinator.onSuccess - [Consumer clientId=consumer-inventory-service-1, groupId=inventory-service] Discovered group coordinator localhost:9092 (id: 2147483646 rack: null isFenced: false)
14-05-2026 22:26:02.752 [org.springframework.kafka.KafkaListenerEndpointContainer#0-0-C-1] [-] INFO  inventory-service-o.a.k.c.c.i.ConsumerCoordinator.markCoordinatorUnknown - [Consumer clientId=consumer-inventory-service-1, groupId=inventory-service] Group coordinator localhost:9092 (id: 2147483646 rack: null isFenced: false) is unavailable or invalid due to cause: coordinator unavailable. isDisconnected: false. Rediscovery will be attempted.
14-05-2026 22:26:02.752 [org.springframework.kafka.KafkaListenerEndpointContainer#0-0-C-1] [-] INFO  inventory-service-o.a.k.c.c.i.ConsumerCoordinator.markCoordinatorUnknown - [Consumer clientId=consumer-inventory-service-1, groupId=inventory-service] Requesting disconnect from last known coordinator localhost:9092 (id: 2147483646 rack: null isFenced: false)
14-05-2026 22:26:02.849 [org.springframework.kafka.KafkaListenerEndpointContainer#1-0-C-1] [-] INFO  inventory-service-o.a.k.c.c.i.ConsumerCoordinator.onSuccess - [Consumer clientId=consumer-inventory-service-2, groupId=inventory-service] Discovered group coordinator localhost:9092 (id: 2147483646 rack: null isFenced: false)
14-05-2026 22:26:02.852 [org.springframework.kafka.KafkaListenerEndpointContainer#1-0-C-1] [-] INFO  inventory-service-o.a.k.c.c.i.ConsumerCoordinator.requestRejoin - [Consumer clientId=consumer-inventory-service-2, groupId=inventory-service] Request joining group due to: rebalance failed due to 'This is not the correct coordinator.' (NotCoordinatorException)
14-05-2026 22:26:02.853 [org.springframework.kafka.KafkaListenerEndpointContainer#0-0-C-1] [-] INFO  inventory-service-o.a.k.c.c.i.ConsumerCoordinator.onSuccess - [Consumer clientId=consumer-inventory-service-1, groupId=inventory-service] Discovered group coordinator localhost:9092 (id: 2147483646 rack: null isFenced: false)
14-05-2026 22:26:02.854 [org.springframework.kafka.KafkaListenerEndpointContainer#1-0-C-1] [-] INFO  inventory-service-o.a.k.c.c.i.ConsumerCoordinator.sendJoinGroupRequest - [Consumer clientId=consumer-inventory-service-2, groupId=inventory-service] (Re-)joining group
14-05-2026 22:26:02.854 [org.springframework.kafka.KafkaListenerEndpointContainer#0-0-C-1] [-] INFO  inventory-service-o.a.k.c.c.i.ConsumerCoordinator.requestRejoin - [Consumer clientId=consumer-inventory-service-1, groupId=inventory-service] Request joining group due to: rebalance failed due to 'This is not the correct coordinator.' (NotCoordinatorException)
14-05-2026 22:26:02.855 [org.springframework.kafka.KafkaListenerEndpointContainer#0-0-C-1] [-] INFO  inventory-service-o.a.k.c.c.i.ConsumerCoordinator.sendJoinGroupRequest - [Consumer clientId=consumer-inventory-service-1, groupId=inventory-service] (Re-)joining group
14-05-2026 22:26:02.858 [org.springframework.kafka.KafkaListenerEndpointContainer#1-0-C-1] [-] INFO  inventory-service-o.a.k.c.c.i.ConsumerCoordinator.markCoordinatorUnknown - [Consumer clientId=consumer-inventory-service-2, groupId=inventory-service] Group coordinator localhost:9092 (id: 2147483646 rack: null isFenced: false) is unavailable or invalid due to cause: error response NOT_COORDINATOR. isDisconnected: false. Rediscovery will be attempted.
14-05-2026 22:26:02.859 [org.springframework.kafka.KafkaListenerEndpointContainer#1-0-C-1] [-] INFO  inventory-service-o.a.k.c.c.i.ConsumerCoordinator.markCoordinatorUnknown - [Consumer clientId=consumer-inventory-service-2, groupId=inventory-service] Requesting disconnect from last known coordinator localhost:9092 (id: 2147483646 rack: null isFenced: false)
14-05-2026 22:26:02.859 [org.springframework.kafka.KafkaListenerEndpointContainer#1-0-C-1] [-] INFO  inventory-service-o.a.k.c.c.i.ConsumerCoordinator.handle - [Consumer clientId=consumer-inventory-service-2, groupId=inventory-service] JoinGroup failed: This is not the correct coordinator. Marking coordinator unknown. Sent generation was Generation{generationId=-1, memberId='', protocol='null'}
14-05-2026 22:26:02.859 [org.springframework.kafka.KafkaListenerEndpointContainer#1-0-C-1] [-] INFO  inventory-service-o.apache.kafka.clients.NetworkClient.disconnect - [Consumer clientId=consumer-inventory-service-2, groupId=inventory-service] Client requested disconnect from node 2147483646
14-05-2026 22:26:02.859 [org.springframework.kafka.KafkaListenerEndpointContainer#0-0-C-1] [-] INFO  inventory-service-o.a.k.c.c.i.ConsumerCoordinator.markCoordinatorUnknown - [Consumer clientId=consumer-inventory-service-1, groupId=inventory-service] Group coordinator localhost:9092 (id: 2147483646 rack: null isFenced: false) is unavailable or invalid due to cause: error response NOT_COORDINATOR. isDisconnected: false. Rediscovery will be attempted.
14-05-2026 22:26:02.859 [org.springframework.kafka.KafkaListenerEndpointContainer#0-0-C-1] [-] INFO  inventory-service-o.a.k.c.c.i.ConsumerCoordinator.markCoordinatorUnknown - [Consumer clientId=consumer-inventory-service-1, groupId=inventory-service] Requesting disconnect from last known coordinator localhost:9092 (id: 2147483646 rack: null isFenced: false)
14-05-2026 22:26:02.859 [org.springframework.kafka.KafkaListenerEndpointContainer#0-0-C-1] [-] INFO  inventory-service-o.a.k.c.c.i.ConsumerCoordinator.handle - [Consumer clientId=consumer-inventory-service-1, groupId=inventory-service] JoinGroup failed: This is not the correct coordinator. Marking coordinator unknown. Sent generation was Generation{generationId=-1, memberId='', protocol='null'}
14-05-2026 22:26:02.859 [org.springframework.kafka.KafkaListenerEndpointContainer#0-0-C-1] [-] INFO  inventory-service-o.apache.kafka.clients.NetworkClient.disconnect - [Consumer clientId=consumer-inventory-service-1, groupId=inventory-service] Client requested disconnect from node 2147483646
14-05-2026 22:26:02.861 [org.springframework.kafka.KafkaListenerEndpointContainer#0-0-C-1] [-] INFO  inventory-service-o.a.k.c.c.i.ConsumerCoordinator.onSuccess - [Consumer clientId=consumer-inventory-service-1, groupId=inventory-service] Discovered group coordinator localhost:9092 (id: 2147483646 rack: null isFenced: false)
14-05-2026 22:26:02.861 [org.springframework.kafka.KafkaListenerEndpointContainer#1-0-C-1] [-] INFO  inventory-service-o.a.k.c.c.i.ConsumerCoordinator.onSuccess - [Consumer clientId=consumer-inventory-service-2, groupId=inventory-service] Discovered group coordinator localhost:9092 (id: 2147483646 rack: null isFenced: false)
14-05-2026 22:26:02.861 [org.springframework.kafka.KafkaListenerEndpointContainer#0-0-C-1] [-] INFO  inventory-service-o.a.k.c.c.i.ConsumerCoordinator.markCoordinatorUnknown - [Consumer clientId=consumer-inventory-service-1, groupId=inventory-service] Group coordinator localhost:9092 (id: 2147483646 rack: null isFenced: false) is unavailable or invalid due to cause: coordinator unavailable. isDisconnected: false. Rediscovery will be attempted.
14-05-2026 22:26:02.861 [org.springframework.kafka.KafkaListenerEndpointContainer#1-0-C-1] [-] INFO  inventory-service-o.a.k.c.c.i.ConsumerCoordinator.markCoordinatorUnknown - [Consumer clientId=consumer-inventory-service-2, groupId=inventory-service] Group coordinator localhost:9092 (id: 2147483646 rack: null isFenced: false) is unavailable or invalid due to cause: coordinator unavailable. isDisconnected: false. Rediscovery will be attempted.
14-05-2026 22:26:02.861 [org.springframework.kafka.KafkaListenerEndpointContainer#0-0-C-1] [-] INFO  inventory-service-o.a.k.c.c.i.ConsumerCoordinator.markCoordinatorUnknown - [Consumer clientId=consumer-inventory-service-1, groupId=inventory-service] Requesting disconnect from last known coordinator localhost:9092 (id: 2147483646 rack: null isFenced: false)
14-05-2026 22:26:02.861 [org.springframework.kafka.KafkaListenerEndpointContainer#1-0-C-1] [-] INFO  inventory-service-o.a.k.c.c.i.ConsumerCoordinator.markCoordinatorUnknown - [Consumer clientId=consumer-inventory-service-2, groupId=inventory-service] Requesting disconnect from last known coordinator localhost:9092 (id: 2147483646 rack: null isFenced: false)
14-05-2026 22:26:02.951 [org.springframework.kafka.KafkaListenerEndpointContainer#0-0-C-1] [-] INFO  inventory-service-o.a.k.c.c.i.ConsumerCoordinator.onSuccess - [Consumer clientId=consumer-inventory-service-1, groupId=inventory-service] Discovered group coordinator localhost:9092 (id: 2147483646 rack: null isFenced: false)
14-05-2026 22:26:02.952 [org.springframework.kafka.KafkaListenerEndpointContainer#0-0-C-1] [-] INFO  inventory-service-o.a.k.c.c.i.ConsumerCoordinator.requestRejoin - [Consumer clientId=consumer-inventory-service-1, groupId=inventory-service] Request joining group due to: rebalance failed due to 'This is not the correct coordinator.' (NotCoordinatorException)
14-05-2026 22:26:02.952 [org.springframework.kafka.KafkaListenerEndpointContainer#0-0-C-1] [-] INFO  inventory-service-o.a.k.c.c.i.ConsumerCoordinator.sendJoinGroupRequest - [Consumer clientId=consumer-inventory-service-1, groupId=inventory-service] (Re-)joining group
14-05-2026 22:26:02.957 [org.springframework.kafka.KafkaListenerEndpointContainer#0-0-C-1] [-] INFO  inventory-service-o.a.k.c.c.i.ConsumerCoordinator.markCoordinatorUnknown - [Consumer clientId=consumer-inventory-service-1, groupId=inventory-service] Group coordinator localhost:9092 (id: 2147483646 rack: null isFenced: false) is unavailable or invalid due to cause: error response NOT_COORDINATOR. isDisconnected: false. Rediscovery will be attempted.
14-05-2026 22:26:02.957 [org.springframework.kafka.KafkaListenerEndpointContainer#0-0-C-1] [-] INFO  inventory-service-o.a.k.c.c.i.ConsumerCoordinator.markCoordinatorUnknown - [Consumer clientId=consumer-inventory-service-1, groupId=inventory-service] Requesting disconnect from last known coordinator localhost:9092 (id: 2147483646 rack: null isFenced: false)
14-05-2026 22:26:02.957 [org.springframework.kafka.KafkaListenerEndpointContainer#0-0-C-1] [-] INFO  inventory-service-o.a.k.c.c.i.ConsumerCoordinator.handle - [Consumer clientId=consumer-inventory-service-1, groupId=inventory-service] JoinGroup failed: This is not the correct coordinator. Marking coordinator unknown. Sent generation was Generation{generationId=-1, memberId='', protocol='null'}
14-05-2026 22:26:02.957 [org.springframework.kafka.KafkaListenerEndpointContainer#0-0-C-1] [-] INFO  inventory-service-o.apache.kafka.clients.NetworkClient.disconnect - [Consumer clientId=consumer-inventory-service-1, groupId=inventory-service] Client requested disconnect from node 2147483646
14-05-2026 22:26:02.959 [org.springframework.kafka.KafkaListenerEndpointContainer#0-0-C-1] [-] INFO  inventory-service-o.a.k.c.c.i.ConsumerCoordinator.onSuccess - [Consumer clientId=consumer-inventory-service-1, groupId=inventory-service] Discovered group coordinator localhost:9092 (id: 2147483646 rack: null isFenced: false)
14-05-2026 22:26:02.959 [org.springframework.kafka.KafkaListenerEndpointContainer#0-0-C-1] [-] INFO  inventory-service-o.a.k.c.c.i.ConsumerCoordinator.markCoordinatorUnknown - [Consumer clientId=consumer-inventory-service-1, groupId=inventory-service] Group coordinator localhost:9092 (id: 2147483646 rack: null isFenced: false) is unavailable or invalid due to cause: coordinator unavailable. isDisconnected: false. Rediscovery will be attempted.
14-05-2026 22:26:02.959 [org.springframework.kafka.KafkaListenerEndpointContainer#0-0-C-1] [-] INFO  inventory-service-o.a.k.c.c.i.ConsumerCoordinator.markCoordinatorUnknown - [Consumer clientId=consumer-inventory-service-1, groupId=inventory-service] Requesting disconnect from last known coordinator localhost:9092 (id: 2147483646 rack: null isFenced: false)
14-05-2026 22:26:02.982 [org.springframework.kafka.KafkaListenerEndpointContainer#1-0-C-1] [-] INFO  inventory-service-o.a.k.c.c.i.ConsumerCoordinator.onSuccess - [Consumer clientId=consumer-inventory-service-2, groupId=inventory-service] Discovered group coordinator localhost:9092 (id: 2147483646 rack: null isFenced: false)
14-05-2026 22:26:02.984 [org.springframework.kafka.KafkaListenerEndpointContainer#1-0-C-1] [-] INFO  inventory-service-o.a.k.c.c.i.ConsumerCoordinator.requestRejoin - [Consumer clientId=consumer-inventory-service-2, groupId=inventory-service] Request joining group due to: rebalance failed due to 'This is not the correct coordinator.' (NotCoordinatorException)
14-05-2026 22:26:02.985 [org.springframework.kafka.KafkaListenerEndpointContainer#1-0-C-1] [-] INFO  inventory-service-o.a.k.c.c.i.ConsumerCoordinator.sendJoinGroupRequest - [Consumer clientId=consumer-inventory-service-2, groupId=inventory-service] (Re-)joining group
14-05-2026 22:26:02.990 [org.springframework.kafka.KafkaListenerEndpointContainer#1-0-C-1] [-] INFO  inventory-service-o.a.k.c.c.i.ConsumerCoordinator.markCoordinatorUnknown - [Consumer clientId=consumer-inventory-service-2, groupId=inventory-service] Group coordinator localhost:9092 (id: 2147483646 rack: null isFenced: false) is unavailable or invalid due to cause: error response NOT_COORDINATOR. isDisconnected: false. Rediscovery will be attempted.
14-05-2026 22:26:02.990 [org.springframework.kafka.KafkaListenerEndpointContainer#1-0-C-1] [-] INFO  inventory-service-o.a.k.c.c.i.ConsumerCoordinator.markCoordinatorUnknown - [Consumer clientId=consumer-inventory-service-2, groupId=inventory-service] Requesting disconnect from last known coordinator localhost:9092 (id: 2147483646 rack: null isFenced: false)
14-05-2026 22:26:02.990 [org.springframework.kafka.KafkaListenerEndpointContainer#1-0-C-1] [-] INFO  inventory-service-o.a.k.c.c.i.ConsumerCoordinator.handle - [Consumer clientId=consumer-inventory-service-2, groupId=inventory-service] JoinGroup failed: This is not the correct coordinator. Marking coordinator unknown. Sent generation was Generation{generationId=-1, memberId='', protocol='null'}
14-05-2026 22:26:02.990 [org.springframework.kafka.KafkaListenerEndpointContainer#1-0-C-1] [-] INFO  inventory-service-o.apache.kafka.clients.NetworkClient.disconnect - [Consumer clientId=consumer-inventory-service-2, groupId=inventory-service] Client requested disconnect from node 2147483646
14-05-2026 22:26:02.992 [org.springframework.kafka.KafkaListenerEndpointContainer#1-0-C-1] [-] INFO  inventory-service-o.a.k.c.c.i.ConsumerCoordinator.onSuccess - [Consumer clientId=consumer-inventory-service-2, groupId=inventory-service] Discovered group coordinator localhost:9092 (id: 2147483646 rack: null isFenced: false)
14-05-2026 22:26:02.992 [org.springframework.kafka.KafkaListenerEndpointContainer#1-0-C-1] [-] INFO  inventory-service-o.a.k.c.c.i.ConsumerCoordinator.markCoordinatorUnknown - [Consumer clientId=consumer-inventory-service-2, groupId=inventory-service] Group coordinator localhost:9092 (id: 2147483646 rack: null isFenced: false) is unavailable or invalid due to cause: coordinator unavailable. isDisconnected: false. Rediscovery will be attempted.
14-05-2026 22:26:02.992 [org.springframework.kafka.KafkaListenerEndpointContainer#1-0-C-1] [-] INFO  inventory-service-o.a.k.c.c.i.ConsumerCoordinator.markCoordinatorUnknown - [Consumer clientId=consumer-inventory-service-2, groupId=inventory-service] Requesting disconnect from last known coordinator localhost:9092 (id: 2147483646 rack: null isFenced: false)
14-05-2026 22:26:03.078 [org.springframework.kafka.KafkaListenerEndpointContainer#0-0-C-1] [-] INFO  inventory-service-o.a.k.c.c.i.ConsumerCoordinator.onSuccess - [Consumer clientId=consumer-inventory-service-1, groupId=inventory-service] Discovered group coordinator localhost:9092 (id: 2147483646 rack: null isFenced: false)
14-05-2026 22:26:03.080 [org.springframework.kafka.KafkaListenerEndpointContainer#0-0-C-1] [-] INFO  inventory-service-o.a.k.c.c.i.ConsumerCoordinator.requestRejoin - [Consumer clientId=consumer-inventory-service-1, groupId=inventory-service] Request joining group due to: rebalance failed due to 'This is not the correct coordinator.' (NotCoordinatorException)
14-05-2026 22:26:03.080 [org.springframework.kafka.KafkaListenerEndpointContainer#0-0-C-1] [-] INFO  inventory-service-o.a.k.c.c.i.ConsumerCoordinator.sendJoinGroupRequest - [Consumer clientId=consumer-inventory-service-1, groupId=inventory-service] (Re-)joining group
14-05-2026 22:26:03.084 [org.springframework.kafka.KafkaListenerEndpointContainer#1-0-C-1] [-] INFO  inventory-service-o.a.k.c.c.i.ConsumerCoordinator.onSuccess - [Consumer clientId=consumer-inventory-service-2, groupId=inventory-service] Discovered group coordinator localhost:9092 (id: 2147483646 rack: null isFenced: false)
14-05-2026 22:26:03.085 [org.springframework.kafka.KafkaListenerEndpointContainer#0-0-C-1] [-] INFO  inventory-service-o.a.k.c.c.i.ConsumerCoordinator.markCoordinatorUnknown - [Consumer clientId=consumer-inventory-service-1, groupId=inventory-service] Group coordinator localhost:9092 (id: 2147483646 rack: null isFenced: false) is unavailable or invalid due to cause: error response NOT_COORDINATOR. isDisconnected: false. Rediscovery will be attempted.
14-05-2026 22:26:03.085 [org.springframework.kafka.KafkaListenerEndpointContainer#0-0-C-1] [-] INFO  inventory-service-o.a.k.c.c.i.ConsumerCoordinator.markCoordinatorUnknown - [Consumer clientId=consumer-inventory-service-1, groupId=inventory-service] Requesting disconnect from last known coordinator localhost:9092 (id: 2147483646 rack: null isFenced: false)
14-05-2026 22:26:03.085 [org.springframework.kafka.KafkaListenerEndpointContainer#0-0-C-1] [-] INFO  inventory-service-o.a.k.c.c.i.ConsumerCoordinator.handle - [Consumer clientId=consumer-inventory-service-1, groupId=inventory-service] JoinGroup failed: This is not the correct coordinator. Marking coordinator unknown. Sent generation was Generation{generationId=-1, memberId='', protocol='null'}
14-05-2026 22:26:03.085 [org.springframework.kafka.KafkaListenerEndpointContainer#0-0-C-1] [-] INFO  inventory-service-o.apache.kafka.clients.NetworkClient.disconnect - [Consumer clientId=consumer-inventory-service-1, groupId=inventory-service] Client requested disconnect from node 2147483646
14-05-2026 22:26:03.085 [org.springframework.kafka.KafkaListenerEndpointContainer#1-0-C-1] [-] INFO  inventory-service-o.a.k.c.c.i.ConsumerCoordinator.requestRejoin - [Consumer clientId=consumer-inventory-service-2, groupId=inventory-service] Request joining group due to: rebalance failed due to 'This is not the correct coordinator.' (NotCoordinatorException)
14-05-2026 22:26:03.086 [org.springframework.kafka.KafkaListenerEndpointContainer#1-0-C-1] [-] INFO  inventory-service-o.a.k.c.c.i.ConsumerCoordinator.sendJoinGroupRequest - [Consumer clientId=consumer-inventory-service-2, groupId=inventory-service] (Re-)joining group
14-05-2026 22:26:03.087 [org.springframework.kafka.KafkaListenerEndpointContainer#0-0-C-1] [-] INFO  inventory-service-o.a.k.c.c.i.ConsumerCoordinator.onSuccess - [Consumer clientId=consumer-inventory-service-1, groupId=inventory-service] Discovered group coordinator localhost:9092 (id: 2147483646 rack: null isFenced: false)
14-05-2026 22:26:03.088 [org.springframework.kafka.KafkaListenerEndpointContainer#0-0-C-1] [-] INFO  inventory-service-o.a.k.c.c.i.ConsumerCoordinator.markCoordinatorUnknown - [Consumer clientId=consumer-inventory-service-1, groupId=inventory-service] Group coordinator localhost:9092 (id: 2147483646 rack: null isFenced: false) is unavailable or invalid due to cause: coordinator unavailable. isDisconnected: false. Rediscovery will be attempted.
14-05-2026 22:26:03.088 [org.springframework.kafka.KafkaListenerEndpointContainer#0-0-C-1] [-] INFO  inventory-service-o.a.k.c.c.i.ConsumerCoordinator.markCoordinatorUnknown - [Consumer clientId=consumer-inventory-service-1, groupId=inventory-service] Requesting disconnect from last known coordinator localhost:9092 (id: 2147483646 rack: null isFenced: false)
14-05-2026 22:26:03.090 [org.springframework.kafka.KafkaListenerEndpointContainer#1-0-C-1] [-] INFO  inventory-service-o.a.k.c.c.i.ConsumerCoordinator.markCoordinatorUnknown - [Consumer clientId=consumer-inventory-service-2, groupId=inventory-service] Group coordinator localhost:9092 (id: 2147483646 rack: null isFenced: false) is unavailable or invalid due to cause: error response NOT_COORDINATOR. isDisconnected: false. Rediscovery will be attempted.
14-05-2026 22:26:03.090 [org.springframework.kafka.KafkaListenerEndpointContainer#1-0-C-1] [-] INFO  inventory-service-o.a.k.c.c.i.ConsumerCoordinator.markCoordinatorUnknown - [Consumer clientId=consumer-inventory-service-2, groupId=inventory-service] Requesting disconnect from last known coordinator localhost:9092 (id: 2147483646 rack: null isFenced: false)
14-05-2026 22:26:03.091 [org.springframework.kafka.KafkaListenerEndpointContainer#1-0-C-1] [-] INFO  inventory-service-o.a.k.c.c.i.ConsumerCoordinator.handle - [Consumer clientId=consumer-inventory-service-2, groupId=inventory-service] JoinGroup failed: This is not the correct coordinator. Marking coordinator unknown. Sent generation was Generation{generationId=-1, memberId='', protocol='null'}
14-05-2026 22:26:03.091 [org.springframework.kafka.KafkaListenerEndpointContainer#1-0-C-1] [-] INFO  inventory-service-o.apache.kafka.clients.NetworkClient.disconnect - [Consumer clientId=consumer-inventory-service-2, groupId=inventory-service] Client requested disconnect from node 2147483646
14-05-2026 22:26:03.093 [org.springframework.kafka.KafkaListenerEndpointContainer#1-0-C-1] [-] INFO  inventory-service-o.a.k.c.c.i.ConsumerCoordinator.onSuccess - [Consumer clientId=consumer-inventory-service-2, groupId=inventory-service] Discovered group coordinator localhost:9092 (id: 2147483646 rack: null isFenced: false)
14-05-2026 22:26:03.094 [org.springframework.kafka.KafkaListenerEndpointContainer#1-0-C-1] [-] INFO  inventory-service-o.a.k.c.c.i.ConsumerCoordinator.markCoordinatorUnknown - [Consumer clientId=consumer-inventory-service-2, groupId=inventory-service] Group coordinator localhost:9092 (id: 2147483646 rack: null isFenced: false) is unavailable or invalid due to cause: coordinator unavailable. isDisconnected: false. Rediscovery will be attempted.
14-05-2026 22:26:03.094 [org.springframework.kafka.KafkaListenerEndpointContainer#1-0-C-1] [-] INFO  inventory-service-o.a.k.c.c.i.ConsumerCoordinator.markCoordinatorUnknown - [Consumer clientId=consumer-inventory-service-2, groupId=inventory-service] Requesting disconnect from last known coordinator localhost:9092 (id: 2147483646 rack: null isFenced: false)
14-05-2026 22:26:03.175 [org.springframework.kafka.KafkaListenerEndpointContainer#0-0-C-1] [-] INFO  inventory-service-o.a.k.c.c.i.ConsumerCoordinator.onSuccess - [Consumer clientId=consumer-inventory-service-1, groupId=inventory-service] Discovered group coordinator localhost:9092 (id: 2147483646 rack: null isFenced: false)
14-05-2026 22:26:03.176 [org.springframework.kafka.KafkaListenerEndpointContainer#0-0-C-1] [-] INFO  inventory-service-o.a.k.c.c.i.ConsumerCoordinator.requestRejoin - [Consumer clientId=consumer-inventory-service-1, groupId=inventory-service] Request joining group due to: rebalance failed due to 'This is not the correct coordinator.' (NotCoordinatorException)
14-05-2026 22:26:03.177 [org.springframework.kafka.KafkaListenerEndpointContainer#0-0-C-1] [-] INFO  inventory-service-o.a.k.c.c.i.ConsumerCoordinator.sendJoinGroupRequest - [Consumer clientId=consumer-inventory-service-1, groupId=inventory-service] (Re-)joining group
14-05-2026 22:26:03.189 [org.springframework.kafka.KafkaListenerEndpointContainer#1-0-C-1] [-] INFO  inventory-service-o.a.k.c.c.i.ConsumerCoordinator.onSuccess - [Consumer clientId=consumer-inventory-service-2, groupId=inventory-service] Discovered group coordinator localhost:9092 (id: 2147483646 rack: null isFenced: false)
14-05-2026 22:26:03.191 [org.springframework.kafka.KafkaListenerEndpointContainer#1-0-C-1] [-] INFO  inventory-service-o.a.k.c.c.i.ConsumerCoordinator.requestRejoin - [Consumer clientId=consumer-inventory-service-2, groupId=inventory-service] Request joining group due to: rebalance failed due to 'This is not the correct coordinator.' (NotCoordinatorException)
14-05-2026 22:26:03.191 [org.springframework.kafka.KafkaListenerEndpointContainer#1-0-C-1] [-] INFO  inventory-service-o.a.k.c.c.i.ConsumerCoordinator.sendJoinGroupRequest - [Consumer clientId=consumer-inventory-service-2, groupId=inventory-service] (Re-)joining group
14-05-2026 22:26:03.192 [org.springframework.kafka.KafkaListenerEndpointContainer#0-0-C-1] [-] INFO  inventory-service-o.a.k.c.c.i.ConsumerCoordinator.handle - [Consumer clientId=consumer-inventory-service-1, groupId=inventory-service] JoinGroup failed: Coordinator localhost:9092 (id: 2147483646 rack: null isFenced: false) is loading the group.
14-05-2026 22:26:03.192 [org.springframework.kafka.KafkaListenerEndpointContainer#0-0-C-1] [-] INFO  inventory-service-o.a.k.c.c.i.ConsumerCoordinator.requestRejoin - [Consumer clientId=consumer-inventory-service-1, groupId=inventory-service] Request joining group due to: rebalance failed due to 'The coordinator is loading and hence can't process requests.' (CoordinatorLoadInProgressException)
14-05-2026 22:26:03.199 [org.springframework.kafka.KafkaListenerEndpointContainer#1-0-C-1] [-] INFO  inventory-service-o.a.k.c.c.i.ConsumerCoordinator.requestRejoin - [Consumer clientId=consumer-inventory-service-2, groupId=inventory-service] Request joining group due to: need to re-join with the given member-id: consumer-inventory-service-2-633885d4-f51c-4956-9617-fb6327261e81
14-05-2026 22:26:03.200 [org.springframework.kafka.KafkaListenerEndpointContainer#1-0-C-1] [-] INFO  inventory-service-o.a.k.c.c.i.ConsumerCoordinator.sendJoinGroupRequest - [Consumer clientId=consumer-inventory-service-2, groupId=inventory-service] (Re-)joining group
14-05-2026 22:26:03.294 [org.springframework.kafka.KafkaListenerEndpointContainer#0-0-C-1] [-] INFO  inventory-service-o.a.k.c.c.i.ConsumerCoordinator.sendJoinGroupRequest - [Consumer clientId=consumer-inventory-service-1, groupId=inventory-service] (Re-)joining group
14-05-2026 22:26:03.300 [org.springframework.kafka.KafkaListenerEndpointContainer#0-0-C-1] [-] INFO  inventory-service-o.a.k.c.c.i.ConsumerCoordinator.requestRejoin - [Consumer clientId=consumer-inventory-service-1, groupId=inventory-service] Request joining group due to: need to re-join with the given member-id: consumer-inventory-service-1-764c0528-cef8-4fe1-bcda-6a296bd084bf
14-05-2026 22:26:03.300 [org.springframework.kafka.KafkaListenerEndpointContainer#0-0-C-1] [-] INFO  inventory-service-o.a.k.c.c.i.ConsumerCoordinator.sendJoinGroupRequest - [Consumer clientId=consumer-inventory-service-1, groupId=inventory-service] (Re-)joining group
14-05-2026 22:26:09.519 [org.springframework.kafka.KafkaListenerEndpointContainer#0-0-C-1] [-] INFO  inventory-service-o.a.k.c.c.i.ConsumerCoordinator.handle - [Consumer clientId=consumer-inventory-service-1, groupId=inventory-service] Successfully joined group with generation Generation{generationId=1, memberId='consumer-inventory-service-1-764c0528-cef8-4fe1-bcda-6a296bd084bf', protocol='range'}
14-05-2026 22:26:09.519 [org.springframework.kafka.KafkaListenerEndpointContainer#1-0-C-1] [-] INFO  inventory-service-o.a.k.c.c.i.ConsumerCoordinator.handle - [Consumer clientId=consumer-inventory-service-2, groupId=inventory-service] Successfully joined group with generation Generation{generationId=1, memberId='consumer-inventory-service-2-633885d4-f51c-4956-9617-fb6327261e81', protocol='range'}
14-05-2026 22:26:09.532 [org.springframework.kafka.KafkaListenerEndpointContainer#1-0-C-1] [-] INFO  inventory-service-o.a.k.c.c.i.ConsumerCoordinator.onLeaderElected - [Consumer clientId=consumer-inventory-service-2, groupId=inventory-service] Finished assignment for group at generation 1: {consumer-inventory-service-1-764c0528-cef8-4fe1-bcda-6a296bd084bf=Assignment(partitions=[KAFKA_ORDER_CREATED_TOPIC-0]), consumer-inventory-service-2-633885d4-f51c-4956-9617-fb6327261e81=Assignment(partitions=[order-created-topic-0])}
14-05-2026 22:26:09.544 [org.springframework.kafka.KafkaListenerEndpointContainer#1-0-C-1] [-] INFO  inventory-service-o.a.k.c.c.i.ConsumerCoordinator.handle - [Consumer clientId=consumer-inventory-service-2, groupId=inventory-service] Successfully synced group in generation Generation{generationId=1, memberId='consumer-inventory-service-2-633885d4-f51c-4956-9617-fb6327261e81', protocol='range'}
14-05-2026 22:26:09.544 [org.springframework.kafka.KafkaListenerEndpointContainer#0-0-C-1] [-] INFO  inventory-service-o.a.k.c.c.i.ConsumerCoordinator.handle - [Consumer clientId=consumer-inventory-service-1, groupId=inventory-service] Successfully synced group in generation Generation{generationId=1, memberId='consumer-inventory-service-1-764c0528-cef8-4fe1-bcda-6a296bd084bf', protocol='range'}
14-05-2026 22:26:09.545 [org.springframework.kafka.KafkaListenerEndpointContainer#1-0-C-1] [-] INFO  inventory-service-o.a.k.c.c.i.ConsumerCoordinator.invokeOnAssignment - [Consumer clientId=consumer-inventory-service-2, groupId=inventory-service] Notifying assignor about the new Assignment(partitions=[order-created-topic-0])
14-05-2026 22:26:09.545 [org.springframework.kafka.KafkaListenerEndpointContainer#0-0-C-1] [-] INFO  inventory-service-o.a.k.c.c.i.ConsumerCoordinator.invokeOnAssignment - [Consumer clientId=consumer-inventory-service-1, groupId=inventory-service] Notifying assignor about the new Assignment(partitions=[KAFKA_ORDER_CREATED_TOPIC-0])
14-05-2026 22:26:09.547 [org.springframework.kafka.KafkaListenerEndpointContainer#1-0-C-1] [-] INFO  inventory-service-o.a.k.c.c.i.ConsumerRebalanceListenerInvoker.invokePartitionsAssigned - [Consumer clientId=consumer-inventory-service-2, groupId=inventory-service] Adding newly assigned partitions: [order-created-topic-0]
14-05-2026 22:26:09.547 [org.springframework.kafka.KafkaListenerEndpointContainer#0-0-C-1] [-] INFO  inventory-service-o.a.k.c.c.i.ConsumerRebalanceListenerInvoker.invokePartitionsAssigned - [Consumer clientId=consumer-inventory-service-1, groupId=inventory-service] Adding newly assigned partitions: [KAFKA_ORDER_CREATED_TOPIC-0]
14-05-2026 22:26:09.554 [org.springframework.kafka.KafkaListenerEndpointContainer#0-0-C-1] [-] INFO  inventory-service-o.a.k.c.c.i.ConsumerCoordinator.handle - [Consumer clientId=consumer-inventory-service-1, groupId=inventory-service] Found no committed offset for partition KAFKA_ORDER_CREATED_TOPIC-0
14-05-2026 22:26:09.554 [org.springframework.kafka.KafkaListenerEndpointContainer#1-0-C-1] [-] INFO  inventory-service-o.a.k.c.c.i.ConsumerCoordinator.handle - [Consumer clientId=consumer-inventory-service-2, groupId=inventory-service] Found no committed offset for partition order-created-topic-0
14-05-2026 22:26:09.557 [org.springframework.kafka.KafkaListenerEndpointContainer#0-0-C-1] [-] INFO  inventory-service-o.a.k.c.c.i.ConsumerCoordinator.handle - [Consumer clientId=consumer-inventory-service-1, groupId=inventory-service] Found no committed offset for partition KAFKA_ORDER_CREATED_TOPIC-0
14-05-2026 22:26:09.557 [org.springframework.kafka.KafkaListenerEndpointContainer#1-0-C-1] [-] INFO  inventory-service-o.a.k.c.c.i.ConsumerCoordinator.handle - [Consumer clientId=consumer-inventory-service-2, groupId=inventory-service] Found no committed offset for partition order-created-topic-0
14-05-2026 22:26:09.569 [org.springframework.kafka.KafkaListenerEndpointContainer#0-0-C-1] [-] INFO  inventory-service-o.a.k.c.c.i.SubscriptionState.maybeSeekUnvalidated - [Consumer clientId=consumer-inventory-service-1, groupId=inventory-service] Resetting offset for partition KAFKA_ORDER_CREATED_TOPIC-0 to position FetchPosition{offset=0, offsetEpoch=Optional.empty, currentLeader=LeaderAndEpoch{leader=Optional[localhost:9092 (id: 1 rack: null isFenced: false)], epoch=0}}.
14-05-2026 22:26:09.569 [org.springframework.kafka.KafkaListenerEndpointContainer#1-0-C-1] [-] INFO  inventory-service-o.a.k.c.c.i.SubscriptionState.maybeSeekUnvalidated - [Consumer clientId=consumer-inventory-service-2, groupId=inventory-service] Resetting offset for partition order-created-topic-0 to position FetchPosition{offset=0, offsetEpoch=Optional.empty, currentLeader=LeaderAndEpoch{leader=Optional[localhost:9092 (id: 1 rack: null isFenced: false)], epoch=0}}.
14-05-2026 22:26:09.587 [org.springframework.kafka.KafkaListenerEndpointContainer#1-0-C-1] [-] INFO  inventory-service-o.s.k.l.KafkaMessageListenerContainer.info - inventory-service: partitions assigned: [order-created-topic-0]
14-05-2026 22:26:09.587 [org.springframework.kafka.KafkaListenerEndpointContainer#0-0-C-1] [-] INFO  inventory-service-o.s.k.l.KafkaMessageListenerContainer.info - inventory-service: partitions assigned: [KAFKA_ORDER_CREATED_TOPIC-0]
14-05-2026 22:31:00.594 [AsyncResolver-bootstrap-executor-%d] [-] INFO  inventory-service-c.n.d.s.r.aws.ConfigClusterResolver.getClusterEndpoints - Resolving eureka endpoints via configuration
14-05-2026 22:36:00.603 [AsyncResolver-bootstrap-executor-%d] [-] INFO  inventory-service-c.n.d.s.r.aws.ConfigClusterResolver.getClusterEndpoints - Resolving eureka endpoints via configuration
14-05-2026 22:41:00.607 [AsyncResolver-bootstrap-executor-%d] [-] INFO  inventory-service-c.n.d.s.r.aws.ConfigClusterResolver.getClusterEndpoints - Resolving eureka endpoints via configuration
14-05-2026 22:46:00.611 [AsyncResolver-bootstrap-executor-%d] [-] INFO  inventory-service-c.n.d.s.r.aws.ConfigClusterResolver.getClusterEndpoints - Resolving eureka endpoints via configuration
14-05-2026 22:51:00.617 [AsyncResolver-bootstrap-executor-%d] [-] INFO  inventory-service-c.n.d.s.r.aws.ConfigClusterResolver.getClusterEndpoints - Resolving eureka endpoints via configuration
14-05-2026 22:55:27.606 [SpringApplicationShutdownHook] [-] INFO  inventory-service-o.s.c.n.e.s.EurekaServiceRegistry.deregister - Unregistering application INVENTORY-SERVICE with eureka with status DOWN
14-05-2026 22:55:27.607 [SpringApplicationShutdownHook] [-] INFO  inventory-service-c.netflix.discovery.DiscoveryClient.notify - Saw local status change event StatusChangeEvent [timestamp=1778779527607, current=DOWN, previous=UP]
14-05-2026 22:55:27.607 [DiscoveryClient-InstanceInfoReplicator-%d] [-] INFO  inventory-service-c.netflix.discovery.DiscoveryClient.register - DiscoveryClient_INVENTORY-SERVICE/localhost:inventory-service:9010: registering service...
14-05-2026 22:55:27.630 [org.springframework.kafka.KafkaListenerEndpointContainer#0-0-C-1] [-] INFO  inventory-service-o.a.k.c.c.i.ConsumerRebalanceListenerInvoker.invokePartitionsRevoked - [Consumer clientId=consumer-inventory-service-1, groupId=inventory-service] Revoke previously assigned partitions [KAFKA_ORDER_CREATED_TOPIC-0]
14-05-2026 22:55:27.630 [org.springframework.kafka.KafkaListenerEndpointContainer#1-0-C-1] [-] INFO  inventory-service-o.a.k.c.c.i.ConsumerRebalanceListenerInvoker.invokePartitionsRevoked - [Consumer clientId=consumer-inventory-service-2, groupId=inventory-service] Revoke previously assigned partitions [order-created-topic-0]
14-05-2026 22:55:27.631 [org.springframework.kafka.KafkaListenerEndpointContainer#1-0-C-1] [-] INFO  inventory-service-o.s.k.l.KafkaMessageListenerContainer.info - inventory-service: partitions revoked: [order-created-topic-0]
14-05-2026 22:55:27.631 [org.springframework.kafka.KafkaListenerEndpointContainer#0-0-C-1] [-] INFO  inventory-service-o.s.k.l.KafkaMessageListenerContainer.info - inventory-service: partitions revoked: [KAFKA_ORDER_CREATED_TOPIC-0]
14-05-2026 22:55:27.634 [org.springframework.kafka.KafkaListenerEndpointContainer#0-0-C-1] [-] INFO  inventory-service-o.a.k.c.c.i.ConsumerCoordinator.maybeLeaveGroup - [Consumer clientId=consumer-inventory-service-1, groupId=inventory-service] Member consumer-inventory-service-1-764c0528-cef8-4fe1-bcda-6a296bd084bf sending LeaveGroup request to coordinator localhost:9092 (id: 2147483646 rack: null isFenced: false) due to the consumer unsubscribed from all topics
14-05-2026 22:55:27.634 [org.springframework.kafka.KafkaListenerEndpointContainer#1-0-C-1] [-] INFO  inventory-service-o.a.k.c.c.i.ConsumerCoordinator.maybeLeaveGroup - [Consumer clientId=consumer-inventory-service-2, groupId=inventory-service] Member consumer-inventory-service-2-633885d4-f51c-4956-9617-fb6327261e81 sending LeaveGroup request to coordinator localhost:9092 (id: 2147483646 rack: null isFenced: false) due to the consumer unsubscribed from all topics
14-05-2026 22:55:27.635 [org.springframework.kafka.KafkaListenerEndpointContainer#1-0-C-1] [-] INFO  inventory-service-o.a.k.c.c.i.ConsumerCoordinator.resetStateAndGeneration - [Consumer clientId=consumer-inventory-service-2, groupId=inventory-service] Resetting generation and member id due to: consumer pro-actively leaving the group
14-05-2026 22:55:27.635 [org.springframework.kafka.KafkaListenerEndpointContainer#0-0-C-1] [-] INFO  inventory-service-o.a.k.c.c.i.ConsumerCoordinator.resetStateAndGeneration - [Consumer clientId=consumer-inventory-service-1, groupId=inventory-service] Resetting generation and member id due to: consumer pro-actively leaving the group
14-05-2026 22:55:27.635 [org.springframework.kafka.KafkaListenerEndpointContainer#1-0-C-1] [-] INFO  inventory-service-o.a.k.c.c.i.ConsumerCoordinator.requestRejoin - [Consumer clientId=consumer-inventory-service-2, groupId=inventory-service] Request joining group due to: consumer pro-actively leaving the group
14-05-2026 22:55:27.635 [org.springframework.kafka.KafkaListenerEndpointContainer#0-0-C-1] [-] INFO  inventory-service-o.a.k.c.c.i.ConsumerCoordinator.requestRejoin - [Consumer clientId=consumer-inventory-service-1, groupId=inventory-service] Request joining group due to: consumer pro-actively leaving the group
14-05-2026 22:55:27.635 [org.springframework.kafka.KafkaListenerEndpointContainer#1-0-C-1] [-] INFO  inventory-service-o.a.k.c.c.i.ClassicKafkaConsumer.unsubscribe - [Consumer clientId=consumer-inventory-service-2, groupId=inventory-service] Unsubscribed all topics or patterns and assigned partitions
14-05-2026 22:55:27.635 [org.springframework.kafka.KafkaListenerEndpointContainer#0-0-C-1] [-] INFO  inventory-service-o.a.k.c.c.i.ClassicKafkaConsumer.unsubscribe - [Consumer clientId=consumer-inventory-service-1, groupId=inventory-service] Unsubscribed all topics or patterns and assigned partitions
14-05-2026 22:55:27.639 [DiscoveryClient-InstanceInfoReplicator-%d] [-] INFO  inventory-service-c.netflix.discovery.DiscoveryClient.register - DiscoveryClient_INVENTORY-SERVICE/localhost:inventory-service:9010 - registration status: 204
14-05-2026 22:55:27.640 [org.springframework.kafka.KafkaListenerEndpointContainer#1-0-C-1] [-] INFO  inventory-service-o.a.k.c.c.i.ConsumerCoordinator.resetStateAndGeneration - [Consumer clientId=consumer-inventory-service-2, groupId=inventory-service] Resetting generation and member id due to: consumer pro-actively leaving the group
14-05-2026 22:55:27.640 [org.springframework.kafka.KafkaListenerEndpointContainer#1-0-C-1] [-] INFO  inventory-service-o.a.k.c.c.i.ConsumerCoordinator.requestRejoin - [Consumer clientId=consumer-inventory-service-2, groupId=inventory-service] Request joining group due to: consumer pro-actively leaving the group
14-05-2026 22:55:27.641 [org.springframework.kafka.KafkaListenerEndpointContainer#0-0-C-1] [-] INFO  inventory-service-o.a.k.c.c.i.ConsumerCoordinator.resetStateAndGeneration - [Consumer clientId=consumer-inventory-service-1, groupId=inventory-service] Resetting generation and member id due to: consumer pro-actively leaving the group
14-05-2026 22:55:27.641 [org.springframework.kafka.KafkaListenerEndpointContainer#0-0-C-1] [-] INFO  inventory-service-o.a.k.c.c.i.ConsumerCoordinator.requestRejoin - [Consumer clientId=consumer-inventory-service-1, groupId=inventory-service] Request joining group due to: consumer pro-actively leaving the group
14-05-2026 22:55:28.073 [org.springframework.kafka.KafkaListenerEndpointContainer#1-0-C-1] [-] INFO  inventory-service-o.a.kafka.common.metrics.Metrics.close - Metrics scheduler closed
14-05-2026 22:55:28.073 [org.springframework.kafka.KafkaListenerEndpointContainer#0-0-C-1] [-] INFO  inventory-service-o.a.kafka.common.metrics.Metrics.close - Metrics scheduler closed
14-05-2026 22:55:28.073 [org.springframework.kafka.KafkaListenerEndpointContainer#0-0-C-1] [-] INFO  inventory-service-o.a.kafka.common.metrics.Metrics.close - Closing reporter org.apache.kafka.common.metrics.JmxReporter
14-05-2026 22:55:28.073 [org.springframework.kafka.KafkaListenerEndpointContainer#1-0-C-1] [-] INFO  inventory-service-o.a.kafka.common.metrics.Metrics.close - Closing reporter org.apache.kafka.common.metrics.JmxReporter
14-05-2026 22:55:28.073 [org.springframework.kafka.KafkaListenerEndpointContainer#0-0-C-1] [-] INFO  inventory-service-o.a.kafka.common.metrics.Metrics.close - Closing reporter org.apache.kafka.common.telemetry.internals.ClientTelemetryReporter
14-05-2026 22:55:28.073 [org.springframework.kafka.KafkaListenerEndpointContainer#1-0-C-1] [-] INFO  inventory-service-o.a.kafka.common.metrics.Metrics.close - Closing reporter org.apache.kafka.common.telemetry.internals.ClientTelemetryReporter
14-05-2026 22:55:28.073 [org.springframework.kafka.KafkaListenerEndpointContainer#0-0-C-1] [-] INFO  inventory-service-o.a.kafka.common.metrics.Metrics.close - Metrics reporters closed
14-05-2026 22:55:28.073 [org.springframework.kafka.KafkaListenerEndpointContainer#1-0-C-1] [-] INFO  inventory-service-o.a.kafka.common.metrics.Metrics.close - Metrics reporters closed
14-05-2026 22:55:28.082 [org.springframework.kafka.KafkaListenerEndpointContainer#1-0-C-1] [-] INFO  inventory-service-o.a.kafka.common.utils.AppInfoParser.unregisterAppInfo - App info kafka.consumer for consumer-inventory-service-2 unregistered
14-05-2026 22:55:28.083 [org.springframework.kafka.KafkaListenerEndpointContainer#0-0-C-1] [-] INFO  inventory-service-o.a.kafka.common.utils.AppInfoParser.unregisterAppInfo - App info kafka.consumer for consumer-inventory-service-1 unregistered
14-05-2026 22:55:28.083 [org.springframework.kafka.KafkaListenerEndpointContainer#1-0-C-1] [-] INFO  inventory-service-o.s.k.l.KafkaMessageListenerContainer.info - inventory-service: Consumer stopped
14-05-2026 22:55:28.083 [org.springframework.kafka.KafkaListenerEndpointContainer#0-0-C-1] [-] INFO  inventory-service-o.s.k.l.KafkaMessageListenerContainer.info - inventory-service: Consumer stopped
14-05-2026 22:55:28.084 [SpringApplicationShutdownHook] [-] INFO  inventory-service-o.s.boot.tomcat.GracefulShutdown.shutDownGracefully - Commencing graceful shutdown. Waiting for active requests to complete
14-05-2026 22:55:28.093 [tomcat-shutdown] [-] INFO  inventory-service-o.s.boot.tomcat.GracefulShutdown.doShutdown - Graceful shutdown complete
14-05-2026 22:55:28.100 [SpringApplicationShutdownHook] [-] INFO  inventory-service-o.s.o.j.LocalContainerEntityManagerFactoryBean.destroy - Closing JPA EntityManagerFactory for persistence unit 'default'
14-05-2026 22:55:28.108 [SpringApplicationShutdownHook] [-] INFO  inventory-service-com.zaxxer.hikari.HikariDataSource.close - HikariPool-1 - Shutdown initiated...
14-05-2026 22:55:28.115 [SpringApplicationShutdownHook] [-] INFO  inventory-service-com.zaxxer.hikari.HikariDataSource.close - HikariPool-1 - Shutdown completed.
14-05-2026 22:55:28.116 [SpringApplicationShutdownHook] [-] INFO  inventory-service-c.netflix.discovery.DiscoveryClient.shutdown - Shutting down DiscoveryClient ...
14-05-2026 22:55:31.120 [SpringApplicationShutdownHook] [-] INFO  inventory-service-c.netflix.discovery.DiscoveryClient.unregister - Unregistering ...
14-05-2026 22:55:31.337 [SpringApplicationShutdownHook] [-] INFO  inventory-service-c.n.d.s.t.d.RedirectingEurekaHttpClient.execute - Request execution error. endpoint=DefaultEndpoint{ serviceUrl='http://localhost:8761/eureka/} exception=I/O error on DELETE request for "http://localhost:8761/eureka/apps/INVENTORY-SERVICE/localhost:inventory-service:9010": Connect to http://localhost:8761 failed: Connection refused: getsockopt stacktrace=org.springframework.web.client.ResourceAccessException: I/O error on DELETE request for "http://localhost:8761/eureka/apps/INVENTORY-SERVICE/localhost:inventory-service:9010": Connect to http://localhost:8761 failed: Connection refused: getsockopt
	at org.springframework.web.client.DefaultRestClient$DefaultRequestBodyUriSpec.createResourceAccessException(DefaultRestClient.java:776)
	at org.springframework.web.client.DefaultRestClient$DefaultRequestBodyUriSpec.exchangeInternal(DefaultRestClient.java:624)
	at org.springframework.web.client.DefaultRestClient$DefaultRequestBodyUriSpec.exchange(DefaultRestClient.java:572)
	at org.springframework.web.client.RestClient$RequestHeadersSpec.exchange(RestClient.java:747)
	at org.springframework.web.client.DefaultRestClient$DefaultResponseSpec.executeAndExtract(DefaultRestClient.java:921)
	at org.springframework.web.client.DefaultRestClient$DefaultResponseSpec.toBodilessEntity(DefaultRestClient.java:885)
	at org.springframework.cloud.netflix.eureka.http.RestClientEurekaHttpClient.cancel(RestClientEurekaHttpClient.java:73)
	at com.netflix.discovery.shared.transport.decorator.EurekaHttpClientDecorator$2.execute(EurekaHttpClientDecorator.java:74)
	at com.netflix.discovery.shared.transport.decorator.RedirectingEurekaHttpClient.execute(RedirectingEurekaHttpClient.java:91)
	at com.netflix.discovery.shared.transport.decorator.EurekaHttpClientDecorator.cancel(EurekaHttpClientDecorator.java:71)
	at com.netflix.discovery.shared.transport.decorator.EurekaHttpClientDecorator$2.execute(EurekaHttpClientDecorator.java:74)
	at com.netflix.discovery.shared.transport.decorator.RetryableEurekaHttpClient.execute(RetryableEurekaHttpClient.java:120)
	at com.netflix.discovery.shared.transport.decorator.EurekaHttpClientDecorator.cancel(EurekaHttpClientDecorator.java:71)
	at com.netflix.discovery.shared.transport.decorator.EurekaHttpClientDecorator$2.execute(EurekaHttpClientDecorator.java:74)
	at com.netflix.discovery.shared.transport.decorator.SessionedEurekaHttpClient.execute(SessionedEurekaHttpClient.java:76)
	at com.netflix.discovery.shared.transport.decorator.EurekaHttpClientDecorator.cancel(EurekaHttpClientDecorator.java:71)
	at com.netflix.discovery.DiscoveryClient.unregister(DiscoveryClient.java:919)
	at com.netflix.discovery.DiscoveryClient.shutdown(DiscoveryClient.java:900)
	at java.base/jdk.internal.reflect.DirectMethodHandleAccessor.invoke(DirectMethodHandleAccessor.java:103)
	at java.base/java.lang.reflect.Method.invoke(Method.java:580)
	at org.springframework.beans.factory.annotation.InitDestroyAnnotationBeanPostProcessor$LifecycleMethod.invoke(InitDestroyAnnotationBeanPostProcessor.java:453)
	at org.springframework.beans.factory.annotation.InitDestroyAnnotationBeanPostProcessor$LifecycleMetadata.invokeDestroyMethods(InitDestroyAnnotationBeanPostProcessor.java:411)
	at org.springframework.beans.factory.annotation.InitDestroyAnnotationBeanPostProcessor.postProcessBeforeDestruction(InitDestroyAnnotationBeanPostProcessor.java:237)
	at org.springframework.beans.factory.support.DisposableBeanAdapter.destroy(DisposableBeanAdapter.java:200)
	at org.springframework.beans.factory.support.DisposableBeanAdapter.run(DisposableBeanAdapter.java:193)
	at org.springframework.cloud.context.scope.GenericScope$BeanLifecycleWrapper.destroy(GenericScope.java:387)
	at org.springframework.cloud.context.scope.GenericScope.destroy(GenericScope.java:134)
	at org.springframework.beans.factory.support.DisposableBeanAdapter.destroy(DisposableBeanAdapter.java:209)
	at org.springframework.beans.factory.support.DefaultSingletonBeanRegistry.destroyBean(DefaultSingletonBeanRegistry.java:795)
	at org.springframework.beans.factory.support.DefaultSingletonBeanRegistry.destroySingleton(DefaultSingletonBeanRegistry.java:745)
	at org.springframework.beans.factory.support.DefaultListableBeanFactory.destroySingleton(DefaultListableBeanFactory.java:1500)
	at org.springframework.beans.factory.support.DefaultSingletonBeanRegistry.destroySingletons(DefaultSingletonBeanRegistry.java:704)
	at org.springframework.beans.factory.support.DefaultListableBeanFactory.destroySingletons(DefaultListableBeanFactory.java:1493)
	at org.springframework.context.support.AbstractApplicationContext.destroyBeans(AbstractApplicationContext.java:1246)
	at org.springframework.context.support.AbstractApplicationContext.doClose(AbstractApplicationContext.java:1207)
	at org.springframework.boot.web.server.servlet.context.ServletWebServerApplicationContext.doClose(ServletWebServerApplicationContext.java:176)
	at org.springframework.context.support.AbstractApplicationContext.close(AbstractApplicationContext.java:1153)
	at org.springframework.boot.SpringApplicationShutdownHook.closeAndWait(SpringApplicationShutdownHook.java:147)
	at java.base/java.lang.Iterable.forEach(Iterable.java:75)
	at org.springframework.boot.SpringApplicationShutdownHook.run(SpringApplicationShutdownHook.java:116)
	at java.base/java.lang.Thread.run(Thread.java:1583)
Caused by: org.apache.hc.client5.http.HttpHostConnectException: Connect to http://localhost:8761 failed: Connection refused: getsockopt
	at java.base/sun.nio.ch.Net.pollConnect(Native Method)
	at java.base/sun.nio.ch.Net.pollConnectNow(Net.java:694)
	at java.base/sun.nio.ch.NioSocketImpl.timedFinishConnect(NioSocketImpl.java:542)
	at java.base/sun.nio.ch.NioSocketImpl.connect(NioSocketImpl.java:592)
	at java.base/java.net.SocksSocketImpl.connect(SocksSocketImpl.java:327)
	at java.base/java.net.Socket.connect(Socket.java:751)
	at org.apache.hc.client5.http.impl.io.DefaultHttpClientConnectionOperator.connect(DefaultHttpClientConnectionOperator.java:226)
	at org.apache.hc.client5.http.impl.io.PoolingHttpClientConnectionManager.connect(PoolingHttpClientConnectionManager.java:497)
	at org.apache.hc.client5.http.impl.classic.InternalExecRuntime.connectEndpoint(InternalExecRuntime.java:164)
	at org.apache.hc.client5.http.impl.classic.InternalExecRuntime.connectEndpoint(InternalExecRuntime.java:174)
	at org.apache.hc.client5.http.impl.classic.ConnectExec.execute(ConnectExec.java:144)
	at org.apache.hc.client5.http.impl.classic.ExecChainElement.execute(ExecChainElement.java:51)
	at org.apache.hc.client5.http.impl.classic.ProtocolExec.execute(ProtocolExec.java:195)
	at org.apache.hc.client5.http.impl.classic.ExecChainElement.execute(ExecChainElement.java:51)
	at org.apache.hc.client5.http.impl.classic.ContentCompressionExec.execute(ContentCompressionExec.java:168)
	at org.apache.hc.client5.http.impl.classic.ExecChainElement.execute(ExecChainElement.java:51)
	at org.apache.hc.client5.http.impl.classic.HttpRequestRetryExec.execute(HttpRequestRetryExec.java:112)
	at org.apache.hc.client5.http.impl.classic.ExecChainElement.execute(ExecChainElement.java:51)
	at org.apache.hc.client5.http.impl.classic.RedirectExec.execute(RedirectExec.java:110)
	at org.apache.hc.client5.http.impl.classic.ExecChainElement.execute(ExecChainElement.java:51)
	at org.apache.hc.client5.http.impl.classic.InternalHttpClient.doExecute(InternalHttpClient.java:185)
	at org.apache.hc.client5.http.impl.classic.CloseableHttpClient.execute(CloseableHttpClient.java:87)
	at org.apache.hc.client5.http.impl.classic.CloseableHttpClient.execute(CloseableHttpClient.java:55)
	at org.apache.hc.client5.http.classic.HttpClient.executeOpen(HttpClient.java:183)
	at org.springframework.http.client.HttpComponentsClientHttpRequest.executeInternal(HttpComponentsClientHttpRequest.java:99)
	at org.springframework.http.client.AbstractStreamingClientHttpRequest.executeInternal(AbstractStreamingClientHttpRequest.java:87)
	at org.springframework.http.client.AbstractClientHttpRequest.execute(AbstractClientHttpRequest.java:80)
	at org.springframework.http.client.AbstractBufferingClientHttpRequest.executeWithRequest(AbstractBufferingClientHttpRequest.java:89)
	at org.springframework.http.client.InterceptingClientHttpRequest$EndOfChainRequestExecution.execute(InterceptingClientHttpRequest.java:102)
	at org.springframework.cloud.netflix.eureka.http.RestClientTransportClientFactory.lambda$newClient$2(RestClientTransportClientFactory.java:98)
	at org.springframework.http.client.ClientHttpRequestInterceptor.lambda$apply$0(ClientHttpRequestInterceptor.java:89)
	at org.springframework.http.client.InterceptingClientHttpRequest.executeInternal(InterceptingClientHttpRequest.java:73)
	at org.springframework.http.client.AbstractBufferingClientHttpRequest.executeInternal(AbstractBufferingClientHttpRequest.java:50)
	at org.springframework.http.client.AbstractClientHttpRequest.execute(AbstractClientHttpRequest.java:80)
	at org.springframework.web.client.DefaultRestClient$DefaultRequestBodyUriSpec.exchangeInternal(DefaultRestClient.java:614)
	... 39 more

14-05-2026 22:55:31.338 [SpringApplicationShutdownHook] [-] WARN  inventory-service-c.n.d.s.t.d.RetryableEurekaHttpClient.execute - Request execution failed with message: I/O error on DELETE request for "http://localhost:8761/eureka/apps/INVENTORY-SERVICE/localhost:inventory-service:9010": Connect to http://localhost:8761 failed: Connection refused: getsockopt
14-05-2026 22:55:31.732 [SpringApplicationShutdownHook] [-] INFO  inventory-service-c.n.d.s.t.d.RedirectingEurekaHttpClient.execute - Request execution error. endpoint=DefaultEndpoint{ serviceUrl='http://localhost:8761/eureka/}, exception=I/O error on DELETE request for "http://localhost:8761/eureka/apps/INVENTORY-SERVICE/localhost:inventory-service:9010": Connect to http://localhost:8761 failed: Connection refused: getsockopt stacktrace=org.springframework.web.client.ResourceAccessException: I/O error on DELETE request for "http://localhost:8761/eureka/apps/INVENTORY-SERVICE/localhost:inventory-service:9010": Connect to http://localhost:8761 failed: Connection refused: getsockopt
	at org.springframework.web.client.DefaultRestClient$DefaultRequestBodyUriSpec.createResourceAccessException(DefaultRestClient.java:776)
	at org.springframework.web.client.DefaultRestClient$DefaultRequestBodyUriSpec.exchangeInternal(DefaultRestClient.java:624)
	at org.springframework.web.client.DefaultRestClient$DefaultRequestBodyUriSpec.exchange(DefaultRestClient.java:572)
	at org.springframework.web.client.RestClient$RequestHeadersSpec.exchange(RestClient.java:747)
	at org.springframework.web.client.DefaultRestClient$DefaultResponseSpec.executeAndExtract(DefaultRestClient.java:921)
	at org.springframework.web.client.DefaultRestClient$DefaultResponseSpec.toBodilessEntity(DefaultRestClient.java:885)
	at org.springframework.cloud.netflix.eureka.http.RestClientEurekaHttpClient.cancel(RestClientEurekaHttpClient.java:73)
	at com.netflix.discovery.shared.transport.decorator.EurekaHttpClientDecorator$2.execute(EurekaHttpClientDecorator.java:74)
	at com.netflix.discovery.shared.transport.decorator.RedirectingEurekaHttpClient.executeOnNewServer(RedirectingEurekaHttpClient.java:121)
	at com.netflix.discovery.shared.transport.decorator.RedirectingEurekaHttpClient.execute(RedirectingEurekaHttpClient.java:80)
	at com.netflix.discovery.shared.transport.decorator.EurekaHttpClientDecorator.cancel(EurekaHttpClientDecorator.java:71)
	at com.netflix.discovery.shared.transport.decorator.EurekaHttpClientDecorator$2.execute(EurekaHttpClientDecorator.java:74)
	at com.netflix.discovery.shared.transport.decorator.RetryableEurekaHttpClient.execute(RetryableEurekaHttpClient.java:120)
	at com.netflix.discovery.shared.transport.decorator.EurekaHttpClientDecorator.cancel(EurekaHttpClientDecorator.java:71)
	at com.netflix.discovery.shared.transport.decorator.EurekaHttpClientDecorator$2.execute(EurekaHttpClientDecorator.java:74)
	at com.netflix.discovery.shared.transport.decorator.SessionedEurekaHttpClient.execute(SessionedEurekaHttpClient.java:76)
	at com.netflix.discovery.shared.transport.decorator.EurekaHttpClientDecorator.cancel(EurekaHttpClientDecorator.java:71)
	at com.netflix.discovery.DiscoveryClient.unregister(DiscoveryClient.java:919)
	at com.netflix.discovery.DiscoveryClient.shutdown(DiscoveryClient.java:900)
	at java.base/jdk.internal.reflect.DirectMethodHandleAccessor.invoke(DirectMethodHandleAccessor.java:103)
	at java.base/java.lang.reflect.Method.invoke(Method.java:580)
	at org.springframework.beans.factory.annotation.InitDestroyAnnotationBeanPostProcessor$LifecycleMethod.invoke(InitDestroyAnnotationBeanPostProcessor.java:453)
	at org.springframework.beans.factory.annotation.InitDestroyAnnotationBeanPostProcessor$LifecycleMetadata.invokeDestroyMethods(InitDestroyAnnotationBeanPostProcessor.java:411)
	at org.springframework.beans.factory.annotation.InitDestroyAnnotationBeanPostProcessor.postProcessBeforeDestruction(InitDestroyAnnotationBeanPostProcessor.java:237)
	at org.springframework.beans.factory.support.DisposableBeanAdapter.destroy(DisposableBeanAdapter.java:200)
	at org.springframework.beans.factory.support.DisposableBeanAdapter.run(DisposableBeanAdapter.java:193)
	at org.springframework.cloud.context.scope.GenericScope$BeanLifecycleWrapper.destroy(GenericScope.java:387)
	at org.springframework.cloud.context.scope.GenericScope.destroy(GenericScope.java:134)
	at org.springframework.beans.factory.support.DisposableBeanAdapter.destroy(DisposableBeanAdapter.java:209)
	at org.springframework.beans.factory.support.DefaultSingletonBeanRegistry.destroyBean(DefaultSingletonBeanRegistry.java:795)
	at org.springframework.beans.factory.support.DefaultSingletonBeanRegistry.destroySingleton(DefaultSingletonBeanRegistry.java:745)
	at org.springframework.beans.factory.support.DefaultListableBeanFactory.destroySingleton(DefaultListableBeanFactory.java:1500)
	at org.springframework.beans.factory.support.DefaultSingletonBeanRegistry.destroySingletons(DefaultSingletonBeanRegistry.java:704)
	at org.springframework.beans.factory.support.DefaultListableBeanFactory.destroySingletons(DefaultListableBeanFactory.java:1493)
	at org.springframework.context.support.AbstractApplicationContext.destroyBeans(AbstractApplicationContext.java:1246)
	at org.springframework.context.support.AbstractApplicationContext.doClose(AbstractApplicationContext.java:1207)
	at org.springframework.boot.web.server.servlet.context.ServletWebServerApplicationContext.doClose(ServletWebServerApplicationContext.java:176)
	at org.springframework.context.support.AbstractApplicationContext.close(AbstractApplicationContext.java:1153)
	at org.springframework.boot.SpringApplicationShutdownHook.closeAndWait(SpringApplicationShutdownHook.java:147)
	at java.base/java.lang.Iterable.forEach(Iterable.java:75)
	at org.springframework.boot.SpringApplicationShutdownHook.run(SpringApplicationShutdownHook.java:116)
	at java.base/java.lang.Thread.run(Thread.java:1583)
Caused by: org.apache.hc.client5.http.HttpHostConnectException: Connect to http://localhost:8761 failed: Connection refused: getsockopt
	at java.base/sun.nio.ch.Net.pollConnect(Native Method)
	at java.base/sun.nio.ch.Net.pollConnectNow(Net.java:694)
	at java.base/sun.nio.ch.NioSocketImpl.timedFinishConnect(NioSocketImpl.java:542)
	at java.base/sun.nio.ch.NioSocketImpl.connect(NioSocketImpl.java:592)
	at java.base/java.net.SocksSocketImpl.connect(SocksSocketImpl.java:327)
	at java.base/java.net.Socket.connect(Socket.java:751)
	at org.apache.hc.client5.http.impl.io.DefaultHttpClientConnectionOperator.connect(DefaultHttpClientConnectionOperator.java:226)
	at org.apache.hc.client5.http.impl.io.PoolingHttpClientConnectionManager.connect(PoolingHttpClientConnectionManager.java:497)
	at org.apache.hc.client5.http.impl.classic.InternalExecRuntime.connectEndpoint(InternalExecRuntime.java:164)
	at org.apache.hc.client5.http.impl.classic.InternalExecRuntime.connectEndpoint(InternalExecRuntime.java:174)
	at org.apache.hc.client5.http.impl.classic.ConnectExec.execute(ConnectExec.java:144)
	at org.apache.hc.client5.http.impl.classic.ExecChainElement.execute(ExecChainElement.java:51)
	at org.apache.hc.client5.http.impl.classic.ProtocolExec.execute(ProtocolExec.java:195)
	at org.apache.hc.client5.http.impl.classic.ExecChainElement.execute(ExecChainElement.java:51)
	at org.apache.hc.client5.http.impl.classic.ContentCompressionExec.execute(ContentCompressionExec.java:168)
	at org.apache.hc.client5.http.impl.classic.ExecChainElement.execute(ExecChainElement.java:51)
	at org.apache.hc.client5.http.impl.classic.HttpRequestRetryExec.execute(HttpRequestRetryExec.java:112)
	at org.apache.hc.client5.http.impl.classic.ExecChainElement.execute(ExecChainElement.java:51)
	at org.apache.hc.client5.http.impl.classic.RedirectExec.execute(RedirectExec.java:110)
	at org.apache.hc.client5.http.impl.classic.ExecChainElement.execute(ExecChainElement.java:51)
	at org.apache.hc.client5.http.impl.classic.InternalHttpClient.doExecute(InternalHttpClient.java:185)
	at org.apache.hc.client5.http.impl.classic.CloseableHttpClient.execute(CloseableHttpClient.java:87)
	at org.apache.hc.client5.http.impl.classic.CloseableHttpClient.execute(CloseableHttpClient.java:55)
	at org.apache.hc.client5.http.classic.HttpClient.executeOpen(HttpClient.java:183)
	at org.springframework.http.client.HttpComponentsClientHttpRequest.executeInternal(HttpComponentsClientHttpRequest.java:99)
	at org.springframework.http.client.AbstractStreamingClientHttpRequest.executeInternal(AbstractStreamingClientHttpRequest.java:87)
	at org.springframework.http.client.AbstractClientHttpRequest.execute(AbstractClientHttpRequest.java:80)
	at org.springframework.http.client.AbstractBufferingClientHttpRequest.executeWithRequest(AbstractBufferingClientHttpRequest.java:89)
	at org.springframework.http.client.InterceptingClientHttpRequest$EndOfChainRequestExecution.execute(InterceptingClientHttpRequest.java:102)
	at org.springframework.cloud.netflix.eureka.http.RestClientTransportClientFactory.lambda$newClient$2(RestClientTransportClientFactory.java:98)
	at org.springframework.http.client.ClientHttpRequestInterceptor.lambda$apply$0(ClientHttpRequestInterceptor.java:89)
	at org.springframework.http.client.InterceptingClientHttpRequest.executeInternal(InterceptingClientHttpRequest.java:73)
	at org.springframework.http.client.AbstractBufferingClientHttpRequest.executeInternal(AbstractBufferingClientHttpRequest.java:50)
	at org.springframework.http.client.AbstractClientHttpRequest.execute(AbstractClientHttpRequest.java:80)
	at org.springframework.web.client.DefaultRestClient$DefaultRequestBodyUriSpec.exchangeInternal(DefaultRestClient.java:614)
	... 40 more

14-05-2026 22:55:31.748 [SpringApplicationShutdownHook] [-] WARN  inventory-service-c.n.d.s.t.d.RetryableEurekaHttpClient.execute - Request execution failed with message: I/O error on DELETE request for "http://localhost:8761/eureka/apps/INVENTORY-SERVICE/localhost:inventory-service:9010": Connect to http://localhost:8761 failed: Connection refused: getsockopt
14-05-2026 22:55:31.750 [SpringApplicationShutdownHook] [-] ERROR inventory-service-c.netflix.discovery.DiscoveryClient.unregister - DiscoveryClient_INVENTORY-SERVICE/localhost:inventory-service:9010 - de-registration failedCannot execute request on any known server
com.netflix.discovery.shared.transport.TransportException: Cannot execute request on any known server
	at com.netflix.discovery.shared.transport.decorator.RetryableEurekaHttpClient.execute(RetryableEurekaHttpClient.java:112)
	at com.netflix.discovery.shared.transport.decorator.EurekaHttpClientDecorator.cancel(EurekaHttpClientDecorator.java:71)
	at com.netflix.discovery.shared.transport.decorator.EurekaHttpClientDecorator$2.execute(EurekaHttpClientDecorator.java:74)
	at com.netflix.discovery.shared.transport.decorator.SessionedEurekaHttpClient.execute(SessionedEurekaHttpClient.java:76)
	at com.netflix.discovery.shared.transport.decorator.EurekaHttpClientDecorator.cancel(EurekaHttpClientDecorator.java:71)
	at com.netflix.discovery.DiscoveryClient.unregister(DiscoveryClient.java:919)
	at com.netflix.discovery.DiscoveryClient.shutdown(DiscoveryClient.java:900)
	at java.base/jdk.internal.reflect.DirectMethodHandleAccessor.invoke(DirectMethodHandleAccessor.java:103)
	at java.base/java.lang.reflect.Method.invoke(Method.java:580)
	at org.springframework.beans.factory.annotation.InitDestroyAnnotationBeanPostProcessor$LifecycleMethod.invoke(InitDestroyAnnotationBeanPostProcessor.java:453)
	at org.springframework.beans.factory.annotation.InitDestroyAnnotationBeanPostProcessor$LifecycleMetadata.invokeDestroyMethods(InitDestroyAnnotationBeanPostProcessor.java:411)
	at org.springframework.beans.factory.annotation.InitDestroyAnnotationBeanPostProcessor.postProcessBeforeDestruction(InitDestroyAnnotationBeanPostProcessor.java:237)
	at org.springframework.beans.factory.support.DisposableBeanAdapter.destroy(DisposableBeanAdapter.java:200)
	at org.springframework.beans.factory.support.DisposableBeanAdapter.run(DisposableBeanAdapter.java:193)
	at org.springframework.cloud.context.scope.GenericScope$BeanLifecycleWrapper.destroy(GenericScope.java:387)
	at org.springframework.cloud.context.scope.GenericScope.destroy(GenericScope.java:134)
	at org.springframework.beans.factory.support.DisposableBeanAdapter.destroy(DisposableBeanAdapter.java:209)
	at org.springframework.beans.factory.support.DefaultSingletonBeanRegistry.destroyBean(DefaultSingletonBeanRegistry.java:795)
	at org.springframework.beans.factory.support.DefaultSingletonBeanRegistry.destroySingleton(DefaultSingletonBeanRegistry.java:745)
	at org.springframework.beans.factory.support.DefaultListableBeanFactory.destroySingleton(DefaultListableBeanFactory.java:1500)
	at org.springframework.beans.factory.support.DefaultSingletonBeanRegistry.destroySingletons(DefaultSingletonBeanRegistry.java:704)
	at org.springframework.beans.factory.support.DefaultListableBeanFactory.destroySingletons(DefaultListableBeanFactory.java:1493)
	at org.springframework.context.support.AbstractApplicationContext.destroyBeans(AbstractApplicationContext.java:1246)
	at org.springframework.context.support.AbstractApplicationContext.doClose(AbstractApplicationContext.java:1207)
	at org.springframework.boot.web.server.servlet.context.ServletWebServerApplicationContext.doClose(ServletWebServerApplicationContext.java:176)
	at org.springframework.context.support.AbstractApplicationContext.close(AbstractApplicationContext.java:1153)
	at org.springframework.boot.SpringApplicationShutdownHook.closeAndWait(SpringApplicationShutdownHook.java:147)
	at java.base/java.lang.Iterable.forEach(Iterable.java:75)
	at org.springframework.boot.SpringApplicationShutdownHook.run(SpringApplicationShutdownHook.java:116)
	at java.base/java.lang.Thread.run(Thread.java:1583)
14-05-2026 22:55:40.321 [SpringApplicationShutdownHook] [-] INFO  inventory-service-c.netflix.discovery.DiscoveryClient.shutdown - Completed shut down of DiscoveryClient
14-05-2026 23:52:59.339 [main] [-] INFO  inventory-service-c.e.i.InventoryServiceApplication.logStarting - Starting InventoryServiceApplication using Java 21.0.10 with PID 15528 (C:\Users\LENOVO\OneDrive\Documents\Projects\Ecommerce\inventory-service\target\classes started by LENOVO in C:\Users\LENOVO\OneDrive\Documents\Projects\Ecommerce)
14-05-2026 23:52:59.343 [main] [-] INFO  inventory-service-c.e.i.InventoryServiceApplication.logStartupProfileInfo - No active profile set, falling back to 1 default profile: "default"
14-05-2026 23:52:59.380 [main] [-] INFO  inventory-service-o.s.c.c.c.ConfigServerConfigDataLoader.log - Fetching config from server at : http://localhost:8888
14-05-2026 23:52:59.380 [main] [-] INFO  inventory-service-o.s.c.c.c.ConfigServerConfigDataLoader.log - Located environment: name=inventory-service, profiles=[default], label=null, version=1c4cc49fa58be6ccce93118b089aa54ddbdd264b, state=
14-05-2026 23:53:00.283 [main] [-] INFO  inventory-service-o.s.d.r.c.RepositoryConfigurationDelegate.registerRepositoriesIn - Bootstrapping Spring Data JPA repositories in DEFAULT mode.
14-05-2026 23:53:00.408 [main] [-] INFO  inventory-service-o.s.d.r.c.RepositoryConfigurationDelegate.registerRepositoriesIn - Finished Spring Data repository scanning in 105 ms. Found 1 JPA repository interface.
14-05-2026 23:53:00.875 [main] [-] INFO  inventory-service-o.s.cloud.context.scope.GenericScope.setSerializationId - BeanFactory id=ed0a3d30-e77e-3e38-ba8c-767cba8e9029
14-05-2026 23:53:01.372 [main] [-] INFO  inventory-service-o.s.boot.tomcat.TomcatWebServer.initialize - Tomcat initialized with port 9010 (http)
14-05-2026 23:53:01.388 [main] [-] INFO  inventory-service-o.a.coyote.http11.Http11NioProtocol.log - Initializing ProtocolHandler ["http-nio-9010"]
14-05-2026 23:53:01.390 [main] [-] INFO  inventory-service-o.a.catalina.core.StandardService.log - Starting service [Tomcat]
14-05-2026 23:53:01.391 [main] [-] INFO  inventory-service-o.a.catalina.core.StandardEngine.log - Starting Servlet engine: [Apache Tomcat/11.0.20]
14-05-2026 23:53:01.496 [main] [-] INFO  inventory-service-o.s.b.w.c.s.WebApplicationContextInitializer.prepareWebApplicationContext - Root WebApplicationContext: initialization completed in 2113 ms
14-05-2026 23:53:01.920 [main] [-] INFO  inventory-service-org.hibernate.orm.jpa.logPersistenceUnitInformation - HHH008540: Processing PersistenceUnitInfo [name: default]
14-05-2026 23:53:01.977 [main] [-] INFO  inventory-service-org.hibernate.orm.core.logVersion - HHH000001: Hibernate ORM core version 7.2.7.Final
14-05-2026 23:53:02.346 [main] [-] INFO  inventory-service-o.s.o.j.p.SpringPersistenceUnitInfo.addTransformer - No LoadTimeWeaver setup: ignoring JPA class transformer
14-05-2026 23:53:02.376 [main] [-] INFO  inventory-service-com.zaxxer.hikari.HikariDataSource.getConnection - HikariPool-1 - Starting...
14-05-2026 23:53:02.629 [main] [-] INFO  inventory-service-com.zaxxer.hikari.pool.HikariPool.checkFailFast - HikariPool-1 - Added connection org.postgresql.jdbc.PgConnection@67b2c8bb
14-05-2026 23:53:02.631 [main] [-] INFO  inventory-service-com.zaxxer.hikari.HikariDataSource.getConnection - HikariPool-1 - Start completed.
14-05-2026 23:53:02.699 [main] [-] INFO  inventory-service-o.hibernate.orm.connections.pooling.logConnectionInfo - HHH10001005: Database info:
	Database JDBC URL [jdbc:postgresql://localhost:5432/Ecommerce]
	Database driver: PostgreSQL JDBC Driver
	Database dialect: PostgreSQLDialect
	Database version: 18.1
	Default catalog/schema: Ecommerce/public
	Autocommit mode: undefined/unknown
	Isolation level: READ_COMMITTED [default READ_COMMITTED]
	JDBC fetch size: none
	Pool: DataSourceConnectionProvider
	Minimum pool size: undefined/unknown
	Maximum pool size: undefined/unknown
14-05-2026 23:53:03.384 [main] [-] INFO  inventory-service-org.hibernate.orm.core.initiateService - HHH000489: No JTA platform available (set 'hibernate.transaction.jta.platform' to enable JTA platform integration)
14-05-2026 23:53:03.417 [main] [-] INFO  inventory-service-o.s.o.j.LocalContainerEntityManagerFactoryBean.buildNativeEntityManagerFactory - Initialized JPA EntityManagerFactory for persistence unit 'default'
14-05-2026 23:53:03.500 [main] [-] INFO  inventory-service-o.s.d.j.r.q.QueryEnhancerFactories.<clinit> - Hibernate is in classpath; If applicable, HQL parser will be used.
14-05-2026 23:53:03.797 [main] [-] WARN  inventory-service-o.s.b.j.a.JpaBaseConfiguration$JpaWebConfiguration.openEntityManagerInViewInterceptor - spring.jpa.open-in-view is enabled by default. Therefore, database queries may be performed during view rendering. Explicitly configure spring.jpa.open-in-view to disable this warning
14-05-2026 23:53:04.834 [main] [-] INFO  inventory-service-o.s.cloud.commons.util.InetUtils.convertAddress - Cannot determine local hostname
14-05-2026 23:53:04.878 [main] [-] INFO  inventory-service-o.s.c.o.FeignClientFactoryBean.getTarget - For 'order-service' URL not provided. Will try picking an instance via load-balancing.
14-05-2026 23:53:06.671 [main] [-] INFO  inventory-service-o.s.cloud.commons.util.InetUtils.convertAddress - Cannot determine local hostname
14-05-2026 23:53:06.683 [main] [-] INFO  inventory-service-o.s.c.n.e.c.DiscoveryClientOptionalArgsConfiguration.restClientDiscoveryClientOptionalArgs - Eureka HTTP Client uses RestClient.
14-05-2026 23:53:06.711 [main] [-] WARN  inventory-service-o.s.c.l.c.LoadBalancerCacheAutoConfiguration$LoadBalancerCaffeineWarnLogger.afterPropertiesSet - Spring Cloud LoadBalancer is currently working with the default cache. While this cache implementation is useful for development and tests, it's recommended to use Caffeine cache in production.You can switch to using Caffeine cache, by adding it and org.springframework.cache.caffeine.CaffeineCacheManager to the classpath.
14-05-2026 23:53:06.724 [main] [-] INFO  inventory-service-o.s.b.a.e.web.EndpointLinksResolver.<init> - Exposing 16 endpoints beneath base path '/actuator'
14-05-2026 23:53:06.829 [main] [-] INFO  inventory-service-o.a.k.common.config.AbstractConfig.logAll - AdminClientConfig values: 
	bootstrap.controllers = []
	bootstrap.servers = [localhost:9092]
	client.dns.lookup = use_all_dns_ips
	client.id = inventory-service-admin-0
	connections.max.idle.ms = 300000
	default.api.timeout.ms = 60000
	enable.metrics.push = false
	metadata.max.age.ms = 300000
	metadata.recovery.rebootstrap.trigger.ms = 300000
	metadata.recovery.strategy = rebootstrap
	metric.reporters = [org.apache.kafka.common.metrics.JmxReporter]
	metrics.num.samples = 2
	metrics.recording.level = INFO
	metrics.sample.window.ms = 30000
	receive.buffer.bytes = 65536
	reconnect.backoff.max.ms = 1000
	reconnect.backoff.ms = 50
	request.timeout.ms = 30000
	retries = 2147483647
	retry.backoff.max.ms = 1000
	retry.backoff.ms = 100
	sasl.client.callback.handler.class = null
	sasl.jaas.config = null
	sasl.kerberos.kinit.cmd = /usr/bin/kinit
	sasl.kerberos.min.time.before.relogin = 60000
	sasl.kerberos.service.name = null
	sasl.kerberos.ticket.renew.jitter = 0.05
	sasl.kerberos.ticket.renew.window.factor = 0.8
	sasl.login.callback.handler.class = null
	sasl.login.class = null
	sasl.login.connect.timeout.ms = null
	sasl.login.read.timeout.ms = null
	sasl.login.refresh.buffer.seconds = 300
	sasl.login.refresh.min.period.seconds = 60
	sasl.login.refresh.window.factor = 0.8
	sasl.login.refresh.window.jitter = 0.05
	sasl.login.retry.backoff.max.ms = 10000
	sasl.login.retry.backoff.ms = 100
	sasl.mechanism = GSSAPI
	sasl.oauthbearer.assertion.algorithm = RS256
	sasl.oauthbearer.assertion.claim.aud = null
	sasl.oauthbearer.assertion.claim.exp.seconds = 300
	sasl.oauthbearer.assertion.claim.iss = null
	sasl.oauthbearer.assertion.claim.jti.include = false
	sasl.oauthbearer.assertion.claim.nbf.seconds = 60
	sasl.oauthbearer.assertion.claim.sub = null
	sasl.oauthbearer.assertion.file = null
	sasl.oauthbearer.assertion.private.key.file = null
	sasl.oauthbearer.assertion.private.key.passphrase = null
	sasl.oauthbearer.assertion.template.file = null
	sasl.oauthbearer.client.credentials.client.id = null
	sasl.oauthbearer.client.credentials.client.secret = null
	sasl.oauthbearer.clock.skew.seconds = 30
	sasl.oauthbearer.expected.audience = null
	sasl.oauthbearer.expected.issuer = null
	sasl.oauthbearer.header.urlencode = false
	sasl.oauthbearer.jwks.endpoint.refresh.ms = 3600000
	sasl.oauthbearer.jwks.endpoint.retry.backoff.max.ms = 10000
	sasl.oauthbearer.jwks.endpoint.retry.backoff.ms = 100
	sasl.oauthbearer.jwks.endpoint.url = null
	sasl.oauthbearer.jwt.retriever.class = class org.apache.kafka.common.security.oauthbearer.DefaultJwtRetriever
	sasl.oauthbearer.jwt.validator.class = class org.apache.kafka.common.security.oauthbearer.DefaultJwtValidator
	sasl.oauthbearer.scope = null
	sasl.oauthbearer.scope.claim.name = scope
	sasl.oauthbearer.sub.claim.name = sub
	sasl.oauthbearer.token.endpoint.url = null
	security.protocol = PLAINTEXT
	security.providers = null
	send.buffer.bytes = 131072
	socket.connection.setup.timeout.max.ms = 30000
	socket.connection.setup.timeout.ms = 10000
	ssl.cipher.suites = null
	ssl.enabled.protocols = [TLSv1.2, TLSv1.3]
	ssl.endpoint.identification.algorithm = https
	ssl.engine.factory.class = null
	ssl.key.password = null
	ssl.keymanager.algorithm = SunX509
	ssl.keystore.certificate.chain = null
	ssl.keystore.key = null
	ssl.keystore.location = null
	ssl.keystore.password = null
	ssl.keystore.type = JKS
	ssl.protocol = TLSv1.3
	ssl.provider = null
	ssl.secure.random.implementation = null
	ssl.trustmanager.algorithm = PKIX
	ssl.truststore.certificates = null
	ssl.truststore.location = null
	ssl.truststore.password = null
	ssl.truststore.type = JKS

14-05-2026 23:53:06.946 [main] [-] INFO  inventory-service-o.a.kafka.common.utils.AppInfoParser.<init> - Kafka version: 4.1.2
14-05-2026 23:53:06.946 [main] [-] INFO  inventory-service-o.a.kafka.common.utils.AppInfoParser.<init> - Kafka commitId: c82fd9b934b4c1e6
14-05-2026 23:53:06.946 [main] [-] INFO  inventory-service-o.a.kafka.common.utils.AppInfoParser.<init> - Kafka startTimeMs: 1778782986945
14-05-2026 23:53:07.460 [main] [-] INFO  inventory-service-o.a.kafka.common.metrics.Metrics.close - Metrics scheduler closed
14-05-2026 23:53:07.460 [main] [-] INFO  inventory-service-o.a.kafka.common.metrics.Metrics.close - Closing reporter org.apache.kafka.common.metrics.JmxReporter
14-05-2026 23:53:07.460 [main] [-] INFO  inventory-service-o.a.kafka.common.metrics.Metrics.close - Metrics reporters closed
14-05-2026 23:53:07.461 [kafka-admin-client-thread | inventory-service-admin-0] [-] INFO  inventory-service-o.a.kafka.common.utils.AppInfoParser.unregisterAppInfo - App info kafka.admin.client for inventory-service-admin-0 unregistered
14-05-2026 23:53:07.464 [kafka-admin-client-thread | inventory-service-admin-0] [-] INFO  inventory-service-o.a.kafka.common.metrics.Metrics.close - Metrics scheduler closed
14-05-2026 23:53:07.465 [kafka-admin-client-thread | inventory-service-admin-0] [-] INFO  inventory-service-o.a.kafka.common.metrics.Metrics.close - Closing reporter org.apache.kafka.common.metrics.JmxReporter
14-05-2026 23:53:07.465 [kafka-admin-client-thread | inventory-service-admin-0] [-] INFO  inventory-service-o.a.kafka.common.metrics.Metrics.close - Metrics reporters closed
14-05-2026 23:53:07.479 [main] [-] INFO  inventory-service-o.s.c.n.eureka.InstanceInfoFactory.create - Setting initial instance status as: STARTING
14-05-2026 23:53:07.506 [main] [-] INFO  inventory-service-c.netflix.discovery.DiscoveryClient.<init> - Initializing Eureka in region us-east-1
14-05-2026 23:53:07.508 [main] [-] INFO  inventory-service-c.n.d.s.r.aws.ConfigClusterResolver.getClusterEndpoints - Resolving eureka endpoints via configuration
14-05-2026 23:53:07.518 [main] [-] INFO  inventory-service-c.netflix.discovery.DiscoveryClient.fetchRegistry - Disable delta property : false
14-05-2026 23:53:07.519 [main] [-] INFO  inventory-service-c.netflix.discovery.DiscoveryClient.fetchRegistry - Single vip registry refresh property : null
14-05-2026 23:53:07.519 [main] [-] INFO  inventory-service-c.netflix.discovery.DiscoveryClient.fetchRegistry - Force full registry fetch : false
14-05-2026 23:53:07.519 [main] [-] INFO  inventory-service-c.netflix.discovery.DiscoveryClient.fetchRegistry - Application is null : false
14-05-2026 23:53:07.519 [main] [-] INFO  inventory-service-c.netflix.discovery.DiscoveryClient.fetchRegistry - Registered Applications size is zero : true
14-05-2026 23:53:07.519 [main] [-] INFO  inventory-service-c.netflix.discovery.DiscoveryClient.fetchRegistry - Application version is -1: true
14-05-2026 23:53:07.519 [main] [-] INFO  inventory-service-c.netflix.discovery.DiscoveryClient.getAndStoreFullRegistry - Getting all instance registry info from the eureka server
14-05-2026 23:53:07.746 [main] [-] INFO  inventory-service-c.netflix.discovery.DiscoveryClient.getAndStoreFullRegistry - The response status is 200
14-05-2026 23:53:07.749 [main] [-] INFO  inventory-service-c.netflix.discovery.DiscoveryClient.initScheduledTasks - Starting heartbeat executor: renew interval is: 30
14-05-2026 23:53:07.751 [main] [-] INFO  inventory-service-c.n.discovery.InstanceInfoReplicator.<init> - InstanceInfoReplicator onDemand update allowed rate per min is 4
14-05-2026 23:53:07.753 [main] [-] INFO  inventory-service-c.netflix.discovery.DiscoveryClient.<init> - Discovery Client initialized at timestamp 1778782987752 with initial instances count: 3
14-05-2026 23:53:07.757 [main] [-] INFO  inventory-service-o.s.c.n.e.s.EurekaServiceRegistry.register - Registering application INVENTORY-SERVICE with eureka with status UP
14-05-2026 23:53:07.758 [main] [-] INFO  inventory-service-c.netflix.discovery.DiscoveryClient.notify - Saw local status change event StatusChangeEvent [timestamp=1778782987758, current=UP, previous=STARTING]
14-05-2026 23:53:07.760 [DiscoveryClient-InstanceInfoReplicator-%d] [-] INFO  inventory-service-c.netflix.discovery.DiscoveryClient.register - DiscoveryClient_INVENTORY-SERVICE/localhost:inventory-service:9010: registering service...
14-05-2026 23:53:07.761 [main] [-] INFO  inventory-service-o.a.coyote.http11.Http11NioProtocol.log - Starting ProtocolHandler ["http-nio-9010"]
14-05-2026 23:53:07.776 [main] [-] INFO  inventory-service-o.s.boot.tomcat.TomcatWebServer.start - Tomcat started on port 9010 (http) with context path '/inventory'
14-05-2026 23:53:07.784 [main] [-] INFO  inventory-service-o.s.c.n.e.s.EurekaAutoServiceRegistration.onApplicationEvent - Updating port to 9010
14-05-2026 23:53:07.808 [DiscoveryClient-InstanceInfoReplicator-%d] [-] INFO  inventory-service-c.netflix.discovery.DiscoveryClient.register - DiscoveryClient_INVENTORY-SERVICE/localhost:inventory-service:9010 - registration status: 204
14-05-2026 23:53:08.800 [main] [-] INFO  inventory-service-o.s.cloud.commons.util.InetUtils.convertAddress - Cannot determine local hostname
14-05-2026 23:53:08.830 [main] [-] INFO  inventory-service-o.a.k.common.config.AbstractConfig.logAll - ConsumerConfig values: 
	allow.auto.create.topics = true
	auto.commit.interval.ms = 5000
	auto.offset.reset = latest
	bootstrap.servers = [localhost:9092]
	check.crcs = true
	client.dns.lookup = use_all_dns_ips
	client.id = consumer-inventory-service-1
	client.rack = 
	connections.max.idle.ms = 540000
	default.api.timeout.ms = 60000
	enable.auto.commit = false
	enable.metrics.push = true
	exclude.internal.topics = true
	fetch.max.bytes = 52428800
	fetch.max.wait.ms = 500
	fetch.min.bytes = 1
	group.id = inventory-service
	group.instance.id = null
	group.protocol = classic
	group.remote.assignor = null
	heartbeat.interval.ms = 3000
	interceptor.classes = []
	internal.leave.group.on.close = true
	internal.throw.on.fetch.stable.offset.unsupported = false
	isolation.level = read_uncommitted
	key.deserializer = class org.apache.kafka.common.serialization.LongDeserializer
	max.partition.fetch.bytes = 1048576
	max.poll.interval.ms = 300000
	max.poll.records = 500
	metadata.max.age.ms = 300000
	metadata.recovery.rebootstrap.trigger.ms = 300000
	metadata.recovery.strategy = rebootstrap
	metric.reporters = [org.apache.kafka.common.metrics.JmxReporter]
	metrics.num.samples = 2
	metrics.recording.level = INFO
	metrics.sample.window.ms = 30000
	partition.assignment.strategy = [class org.apache.kafka.clients.consumer.RangeAssignor, class org.apache.kafka.clients.consumer.CooperativeStickyAssignor]
	receive.buffer.bytes = 65536
	reconnect.backoff.max.ms = 1000
	reconnect.backoff.ms = 50
	request.timeout.ms = 30000
	retry.backoff.max.ms = 1000
	retry.backoff.ms = 100
	sasl.client.callback.handler.class = null
	sasl.jaas.config = null
	sasl.kerberos.kinit.cmd = /usr/bin/kinit
	sasl.kerberos.min.time.before.relogin = 60000
	sasl.kerberos.service.name = null
	sasl.kerberos.ticket.renew.jitter = 0.05
	sasl.kerberos.ticket.renew.window.factor = 0.8
	sasl.login.callback.handler.class = null
	sasl.login.class = null
	sasl.login.connect.timeout.ms = null
	sasl.login.read.timeout.ms = null
	sasl.login.refresh.buffer.seconds = 300
	sasl.login.refresh.min.period.seconds = 60
	sasl.login.refresh.window.factor = 0.8
	sasl.login.refresh.window.jitter = 0.05
	sasl.login.retry.backoff.max.ms = 10000
	sasl.login.retry.backoff.ms = 100
	sasl.mechanism = GSSAPI
	sasl.oauthbearer.assertion.algorithm = RS256
	sasl.oauthbearer.assertion.claim.aud = null
	sasl.oauthbearer.assertion.claim.exp.seconds = 300
	sasl.oauthbearer.assertion.claim.iss = null
	sasl.oauthbearer.assertion.claim.jti.include = false
	sasl.oauthbearer.assertion.claim.nbf.seconds = 60
	sasl.oauthbearer.assertion.claim.sub = null
	sasl.oauthbearer.assertion.file = null
	sasl.oauthbearer.assertion.private.key.file = null
	sasl.oauthbearer.assertion.private.key.passphrase = null
	sasl.oauthbearer.assertion.template.file = null
	sasl.oauthbearer.client.credentials.client.id = null
	sasl.oauthbearer.client.credentials.client.secret = null
	sasl.oauthbearer.clock.skew.seconds = 30
	sasl.oauthbearer.expected.audience = null
	sasl.oauthbearer.expected.issuer = null
	sasl.oauthbearer.header.urlencode = false
	sasl.oauthbearer.jwks.endpoint.refresh.ms = 3600000
	sasl.oauthbearer.jwks.endpoint.retry.backoff.max.ms = 10000
	sasl.oauthbearer.jwks.endpoint.retry.backoff.ms = 100
	sasl.oauthbearer.jwks.endpoint.url = null
	sasl.oauthbearer.jwt.retriever.class = class org.apache.kafka.common.security.oauthbearer.DefaultJwtRetriever
	sasl.oauthbearer.jwt.validator.class = class org.apache.kafka.common.security.oauthbearer.DefaultJwtValidator
	sasl.oauthbearer.scope = null
	sasl.oauthbearer.scope.claim.name = scope
	sasl.oauthbearer.sub.claim.name = sub
	sasl.oauthbearer.token.endpoint.url = null
	security.protocol = PLAINTEXT
	security.providers = null
	send.buffer.bytes = 131072
	session.timeout.ms = 45000
	share.acknowledgement.mode = implicit
	socket.connection.setup.timeout.max.ms = 30000
	socket.connection.setup.timeout.ms = 10000
	ssl.cipher.suites = null
	ssl.enabled.protocols = [TLSv1.2, TLSv1.3]
	ssl.endpoint.identification.algorithm = https
	ssl.engine.factory.class = null
	ssl.key.password = null
	ssl.keymanager.algorithm = SunX509
	ssl.keystore.certificate.chain = null
	ssl.keystore.key = null
	ssl.keystore.location = null
	ssl.keystore.password = null
	ssl.keystore.type = JKS
	ssl.protocol = TLSv1.3
	ssl.provider = null
	ssl.secure.random.implementation = null
	ssl.trustmanager.algorithm = PKIX
	ssl.truststore.certificates = null
	ssl.truststore.location = null
	ssl.truststore.password = null
	ssl.truststore.type = JKS
	value.deserializer = class org.springframework.kafka.support.serializer.JsonDeserializer

14-05-2026 23:53:08.870 [main] [-] INFO  inventory-service-o.a.k.c.t.i.KafkaMetricsCollector.init - initializing Kafka metrics collector
14-05-2026 23:53:08.935 [main] [-] INFO  inventory-service-o.a.k.common.config.AbstractConfig.logUnused - These configurations '[schema.registry.url, specific.avro.reader]' were supplied but are not used yet.
14-05-2026 23:53:08.935 [main] [-] INFO  inventory-service-o.a.kafka.common.utils.AppInfoParser.<init> - Kafka version: 4.1.2
14-05-2026 23:53:08.935 [main] [-] INFO  inventory-service-o.a.kafka.common.utils.AppInfoParser.<init> - Kafka commitId: c82fd9b934b4c1e6
14-05-2026 23:53:08.935 [main] [-] INFO  inventory-service-o.a.kafka.common.utils.AppInfoParser.<init> - Kafka startTimeMs: 1778782988935
14-05-2026 23:53:08.944 [main] [-] INFO  inventory-service-o.a.k.c.c.i.ClassicKafkaConsumer.subscribeInternal - [Consumer clientId=consumer-inventory-service-1, groupId=inventory-service] Subscribed to topic(s): order-cancel-topic
14-05-2026 23:53:08.954 [main] [-] INFO  inventory-service-o.a.k.common.config.AbstractConfig.logAll - ConsumerConfig values: 
	allow.auto.create.topics = true
	auto.commit.interval.ms = 5000
	auto.offset.reset = latest
	bootstrap.servers = [localhost:9092]
	check.crcs = true
	client.dns.lookup = use_all_dns_ips
	client.id = consumer-inventory-service-2
	client.rack = 
	connections.max.idle.ms = 540000
	default.api.timeout.ms = 60000
	enable.auto.commit = false
	enable.metrics.push = true
	exclude.internal.topics = true
	fetch.max.bytes = 52428800
	fetch.max.wait.ms = 500
	fetch.min.bytes = 1
	group.id = inventory-service
	group.instance.id = null
	group.protocol = classic
	group.remote.assignor = null
	heartbeat.interval.ms = 3000
	interceptor.classes = []
	internal.leave.group.on.close = true
	internal.throw.on.fetch.stable.offset.unsupported = false
	isolation.level = read_uncommitted
	key.deserializer = class org.apache.kafka.common.serialization.LongDeserializer
	max.partition.fetch.bytes = 1048576
	max.poll.interval.ms = 300000
	max.poll.records = 500
	metadata.max.age.ms = 300000
	metadata.recovery.rebootstrap.trigger.ms = 300000
	metadata.recovery.strategy = rebootstrap
	metric.reporters = [org.apache.kafka.common.metrics.JmxReporter]
	metrics.num.samples = 2
	metrics.recording.level = INFO
	metrics.sample.window.ms = 30000
	partition.assignment.strategy = [class org.apache.kafka.clients.consumer.RangeAssignor, class org.apache.kafka.clients.consumer.CooperativeStickyAssignor]
	receive.buffer.bytes = 65536
	reconnect.backoff.max.ms = 1000
	reconnect.backoff.ms = 50
	request.timeout.ms = 30000
	retry.backoff.max.ms = 1000
	retry.backoff.ms = 100
	sasl.client.callback.handler.class = null
	sasl.jaas.config = null
	sasl.kerberos.kinit.cmd = /usr/bin/kinit
	sasl.kerberos.min.time.before.relogin = 60000
	sasl.kerberos.service.name = null
	sasl.kerberos.ticket.renew.jitter = 0.05
	sasl.kerberos.ticket.renew.window.factor = 0.8
	sasl.login.callback.handler.class = null
	sasl.login.class = null
	sasl.login.connect.timeout.ms = null
	sasl.login.read.timeout.ms = null
	sasl.login.refresh.buffer.seconds = 300
	sasl.login.refresh.min.period.seconds = 60
	sasl.login.refresh.window.factor = 0.8
	sasl.login.refresh.window.jitter = 0.05
	sasl.login.retry.backoff.max.ms = 10000
	sasl.login.retry.backoff.ms = 100
	sasl.mechanism = GSSAPI
	sasl.oauthbearer.assertion.algorithm = RS256
	sasl.oauthbearer.assertion.claim.aud = null
	sasl.oauthbearer.assertion.claim.exp.seconds = 300
	sasl.oauthbearer.assertion.claim.iss = null
	sasl.oauthbearer.assertion.claim.jti.include = false
	sasl.oauthbearer.assertion.claim.nbf.seconds = 60
	sasl.oauthbearer.assertion.claim.sub = null
	sasl.oauthbearer.assertion.file = null
	sasl.oauthbearer.assertion.private.key.file = null
	sasl.oauthbearer.assertion.private.key.passphrase = null
	sasl.oauthbearer.assertion.template.file = null
	sasl.oauthbearer.client.credentials.client.id = null
	sasl.oauthbearer.client.credentials.client.secret = null
	sasl.oauthbearer.clock.skew.seconds = 30
	sasl.oauthbearer.expected.audience = null
	sasl.oauthbearer.expected.issuer = null
	sasl.oauthbearer.header.urlencode = false
	sasl.oauthbearer.jwks.endpoint.refresh.ms = 3600000
	sasl.oauthbearer.jwks.endpoint.retry.backoff.max.ms = 10000
	sasl.oauthbearer.jwks.endpoint.retry.backoff.ms = 100
	sasl.oauthbearer.jwks.endpoint.url = null
	sasl.oauthbearer.jwt.retriever.class = class org.apache.kafka.common.security.oauthbearer.DefaultJwtRetriever
	sasl.oauthbearer.jwt.validator.class = class org.apache.kafka.common.security.oauthbearer.DefaultJwtValidator
	sasl.oauthbearer.scope = null
	sasl.oauthbearer.scope.claim.name = scope
	sasl.oauthbearer.sub.claim.name = sub
	sasl.oauthbearer.token.endpoint.url = null
	security.protocol = PLAINTEXT
	security.providers = null
	send.buffer.bytes = 131072
	session.timeout.ms = 45000
	share.acknowledgement.mode = implicit
	socket.connection.setup.timeout.max.ms = 30000
	socket.connection.setup.timeout.ms = 10000
	ssl.cipher.suites = null
	ssl.enabled.protocols = [TLSv1.2, TLSv1.3]
	ssl.endpoint.identification.algorithm = https
	ssl.engine.factory.class = null
	ssl.key.password = null
	ssl.keymanager.algorithm = SunX509
	ssl.keystore.certificate.chain = null
	ssl.keystore.key = null
	ssl.keystore.location = null
	ssl.keystore.password = null
	ssl.keystore.type = JKS
	ssl.protocol = TLSv1.3
	ssl.provider = null
	ssl.secure.random.implementation = null
	ssl.trustmanager.algorithm = PKIX
	ssl.truststore.certificates = null
	ssl.truststore.location = null
	ssl.truststore.password = null
	ssl.truststore.type = JKS
	value.deserializer = class org.springframework.kafka.support.serializer.JsonDeserializer

14-05-2026 23:53:08.954 [main] [-] INFO  inventory-service-o.a.k.c.t.i.KafkaMetricsCollector.init - initializing Kafka metrics collector
14-05-2026 23:53:08.961 [main] [-] INFO  inventory-service-o.a.k.common.config.AbstractConfig.logUnused - These configurations '[schema.registry.url, specific.avro.reader]' were supplied but are not used yet.
14-05-2026 23:53:08.961 [main] [-] INFO  inventory-service-o.a.kafka.common.utils.AppInfoParser.<init> - Kafka version: 4.1.2
14-05-2026 23:53:08.961 [main] [-] INFO  inventory-service-o.a.kafka.common.utils.AppInfoParser.<init> - Kafka commitId: c82fd9b934b4c1e6
14-05-2026 23:53:08.961 [main] [-] INFO  inventory-service-o.a.kafka.common.utils.AppInfoParser.<init> - Kafka startTimeMs: 1778782988961
14-05-2026 23:53:08.965 [main] [-] INFO  inventory-service-o.a.k.c.c.i.ClassicKafkaConsumer.subscribeInternal - [Consumer clientId=consumer-inventory-service-2, groupId=inventory-service] Subscribed to topic(s): order-created-topic
14-05-2026 23:53:08.976 [main] [-] INFO  inventory-service-c.e.i.InventoryServiceApplication.logStarted - Started InventoryServiceApplication in 12.92 seconds (process running for 13.474)
14-05-2026 23:53:09.005 [org.springframework.kafka.KafkaListenerEndpointContainer#1-0-C-1] [-] INFO  inventory-service-org.apache.kafka.clients.Metadata.update - [Consumer clientId=consumer-inventory-service-2, groupId=inventory-service] Cluster ID: 5L6g3nShT-eMCtK--X86sw
14-05-2026 23:53:09.005 [org.springframework.kafka.KafkaListenerEndpointContainer#0-0-C-1] [-] INFO  inventory-service-org.apache.kafka.clients.Metadata.update - [Consumer clientId=consumer-inventory-service-1, groupId=inventory-service] Cluster ID: 5L6g3nShT-eMCtK--X86sw
14-05-2026 23:53:09.008 [org.springframework.kafka.KafkaListenerEndpointContainer#0-0-C-1] [-] INFO  inventory-service-o.a.k.c.c.i.ConsumerCoordinator.onSuccess - [Consumer clientId=consumer-inventory-service-1, groupId=inventory-service] Discovered group coordinator localhost:9092 (id: 2147483646 rack: null isFenced: false)
14-05-2026 23:53:09.008 [org.springframework.kafka.KafkaListenerEndpointContainer#1-0-C-1] [-] INFO  inventory-service-o.a.k.c.c.i.ConsumerCoordinator.onSuccess - [Consumer clientId=consumer-inventory-service-2, groupId=inventory-service] Discovered group coordinator localhost:9092 (id: 2147483646 rack: null isFenced: false)
14-05-2026 23:53:09.010 [org.springframework.kafka.KafkaListenerEndpointContainer#0-0-C-1] [-] INFO  inventory-service-o.a.k.c.c.i.ConsumerCoordinator.sendJoinGroupRequest - [Consumer clientId=consumer-inventory-service-1, groupId=inventory-service] (Re-)joining group
14-05-2026 23:53:09.010 [org.springframework.kafka.KafkaListenerEndpointContainer#1-0-C-1] [-] INFO  inventory-service-o.a.k.c.c.i.ConsumerCoordinator.sendJoinGroupRequest - [Consumer clientId=consumer-inventory-service-2, groupId=inventory-service] (Re-)joining group
14-05-2026 23:53:09.060 [org.springframework.kafka.KafkaListenerEndpointContainer#0-0-C-1] [-] INFO  inventory-service-o.a.k.c.c.i.ConsumerCoordinator.requestRejoin - [Consumer clientId=consumer-inventory-service-1, groupId=inventory-service] Request joining group due to: need to re-join with the given member-id: consumer-inventory-service-1-541947e1-f2bb-4376-a993-b9e7f34fe075
14-05-2026 23:53:09.060 [org.springframework.kafka.KafkaListenerEndpointContainer#1-0-C-1] [-] INFO  inventory-service-o.a.k.c.c.i.ConsumerCoordinator.requestRejoin - [Consumer clientId=consumer-inventory-service-2, groupId=inventory-service] Request joining group due to: need to re-join with the given member-id: consumer-inventory-service-2-a9d6a04f-0dc6-4e56-9fc6-9ea5c00e6782
14-05-2026 23:53:09.061 [org.springframework.kafka.KafkaListenerEndpointContainer#0-0-C-1] [-] INFO  inventory-service-o.a.k.c.c.i.ConsumerCoordinator.sendJoinGroupRequest - [Consumer clientId=consumer-inventory-service-1, groupId=inventory-service] (Re-)joining group
14-05-2026 23:53:09.061 [org.springframework.kafka.KafkaListenerEndpointContainer#1-0-C-1] [-] INFO  inventory-service-o.a.k.c.c.i.ConsumerCoordinator.sendJoinGroupRequest - [Consumer clientId=consumer-inventory-service-2, groupId=inventory-service] (Re-)joining group
14-05-2026 23:53:15.429 [org.springframework.kafka.KafkaListenerEndpointContainer#0-0-C-1] [-] INFO  inventory-service-o.a.k.c.c.i.ConsumerCoordinator.handle - [Consumer clientId=consumer-inventory-service-1, groupId=inventory-service] Successfully joined group with generation Generation{generationId=3, memberId='consumer-inventory-service-1-541947e1-f2bb-4376-a993-b9e7f34fe075', protocol='range'}
14-05-2026 23:53:15.429 [org.springframework.kafka.KafkaListenerEndpointContainer#1-0-C-1] [-] INFO  inventory-service-o.a.k.c.c.i.ConsumerCoordinator.handle - [Consumer clientId=consumer-inventory-service-2, groupId=inventory-service] Successfully joined group with generation Generation{generationId=3, memberId='consumer-inventory-service-2-a9d6a04f-0dc6-4e56-9fc6-9ea5c00e6782', protocol='range'}
14-05-2026 23:53:15.468 [org.springframework.kafka.KafkaListenerEndpointContainer#1-0-C-1] [-] INFO  inventory-service-o.a.k.c.c.i.ConsumerCoordinator.onLeaderElected - [Consumer clientId=consumer-inventory-service-2, groupId=inventory-service] Finished assignment for group at generation 3: {consumer-inventory-service-1-541947e1-f2bb-4376-a993-b9e7f34fe075=Assignment(partitions=[order-cancel-topic-0]), consumer-inventory-service-2-a9d6a04f-0dc6-4e56-9fc6-9ea5c00e6782=Assignment(partitions=[order-created-topic-0])}
14-05-2026 23:53:15.494 [org.springframework.kafka.KafkaListenerEndpointContainer#1-0-C-1] [-] INFO  inventory-service-o.a.k.c.c.i.ConsumerCoordinator.handle - [Consumer clientId=consumer-inventory-service-2, groupId=inventory-service] Successfully synced group in generation Generation{generationId=3, memberId='consumer-inventory-service-2-a9d6a04f-0dc6-4e56-9fc6-9ea5c00e6782', protocol='range'}
14-05-2026 23:53:15.494 [org.springframework.kafka.KafkaListenerEndpointContainer#0-0-C-1] [-] INFO  inventory-service-o.a.k.c.c.i.ConsumerCoordinator.handle - [Consumer clientId=consumer-inventory-service-1, groupId=inventory-service] Successfully synced group in generation Generation{generationId=3, memberId='consumer-inventory-service-1-541947e1-f2bb-4376-a993-b9e7f34fe075', protocol='range'}
14-05-2026 23:53:15.494 [org.springframework.kafka.KafkaListenerEndpointContainer#1-0-C-1] [-] INFO  inventory-service-o.a.k.c.c.i.ConsumerCoordinator.invokeOnAssignment - [Consumer clientId=consumer-inventory-service-2, groupId=inventory-service] Notifying assignor about the new Assignment(partitions=[order-created-topic-0])
14-05-2026 23:53:15.494 [org.springframework.kafka.KafkaListenerEndpointContainer#0-0-C-1] [-] INFO  inventory-service-o.a.k.c.c.i.ConsumerCoordinator.invokeOnAssignment - [Consumer clientId=consumer-inventory-service-1, groupId=inventory-service] Notifying assignor about the new Assignment(partitions=[order-cancel-topic-0])
14-05-2026 23:53:15.496 [org.springframework.kafka.KafkaListenerEndpointContainer#1-0-C-1] [-] INFO  inventory-service-o.a.k.c.c.i.ConsumerRebalanceListenerInvoker.invokePartitionsAssigned - [Consumer clientId=consumer-inventory-service-2, groupId=inventory-service] Adding newly assigned partitions: [order-created-topic-0]
14-05-2026 23:53:15.496 [org.springframework.kafka.KafkaListenerEndpointContainer#0-0-C-1] [-] INFO  inventory-service-o.a.k.c.c.i.ConsumerRebalanceListenerInvoker.invokePartitionsAssigned - [Consumer clientId=consumer-inventory-service-1, groupId=inventory-service] Adding newly assigned partitions: [order-cancel-topic-0]
14-05-2026 23:53:15.509 [org.springframework.kafka.KafkaListenerEndpointContainer#0-0-C-1] [-] INFO  inventory-service-o.a.k.c.c.i.ConsumerCoordinator.handle - [Consumer clientId=consumer-inventory-service-1, groupId=inventory-service] Found no committed offset for partition order-cancel-topic-0
14-05-2026 23:53:15.521 [org.springframework.kafka.KafkaListenerEndpointContainer#0-0-C-1] [-] INFO  inventory-service-o.a.k.c.c.i.ConsumerCoordinator.handle - [Consumer clientId=consumer-inventory-service-1, groupId=inventory-service] Found no committed offset for partition order-cancel-topic-0
14-05-2026 23:53:15.523 [org.springframework.kafka.KafkaListenerEndpointContainer#1-0-C-1] [-] INFO  inventory-service-o.a.k.c.c.internals.ConsumerUtils.refreshCommittedOffsets - Setting offset for partition order-created-topic-0 to the committed offset FetchPosition{offset=0, offsetEpoch=Optional.empty, currentLeader=LeaderAndEpoch{leader=Optional[localhost:9092 (id: 1 rack: null isFenced: false)], epoch=0}}
14-05-2026 23:53:15.525 [org.springframework.kafka.KafkaListenerEndpointContainer#1-0-C-1] [-] INFO  inventory-service-o.s.k.l.KafkaMessageListenerContainer.info - inventory-service: partitions assigned: [order-created-topic-0]
14-05-2026 23:53:15.552 [org.springframework.kafka.KafkaListenerEndpointContainer#0-0-C-1] [-] INFO  inventory-service-o.a.k.c.c.i.SubscriptionState.maybeSeekUnvalidated - [Consumer clientId=consumer-inventory-service-1, groupId=inventory-service] Resetting offset for partition order-cancel-topic-0 to position FetchPosition{offset=0, offsetEpoch=Optional.empty, currentLeader=LeaderAndEpoch{leader=Optional[localhost:9092 (id: 1 rack: null isFenced: false)], epoch=0}}.
14-05-2026 23:53:15.570 [org.springframework.kafka.KafkaListenerEndpointContainer#0-0-C-1] [-] INFO  inventory-service-o.s.k.l.KafkaMessageListenerContainer.info - inventory-service: partitions assigned: [order-cancel-topic-0]
14-05-2026 23:54:24.066 [SpringApplicationShutdownHook] [-] INFO  inventory-service-o.s.c.n.e.s.EurekaServiceRegistry.deregister - Unregistering application INVENTORY-SERVICE with eureka with status DOWN
14-05-2026 23:54:24.067 [SpringApplicationShutdownHook] [-] INFO  inventory-service-c.netflix.discovery.DiscoveryClient.notify - Saw local status change event StatusChangeEvent [timestamp=1778783064067, current=DOWN, previous=UP]
14-05-2026 23:54:24.068 [DiscoveryClient-InstanceInfoReplicator-%d] [-] INFO  inventory-service-c.netflix.discovery.DiscoveryClient.register - DiscoveryClient_INVENTORY-SERVICE/localhost:inventory-service:9010: registering service...
14-05-2026 23:54:24.074 [org.springframework.kafka.KafkaListenerEndpointContainer#0-0-C-1] [-] INFO  inventory-service-o.a.k.c.c.i.ConsumerRebalanceListenerInvoker.invokePartitionsRevoked - [Consumer clientId=consumer-inventory-service-1, groupId=inventory-service] Revoke previously assigned partitions [order-cancel-topic-0]
14-05-2026 23:54:24.074 [org.springframework.kafka.KafkaListenerEndpointContainer#1-0-C-1] [-] INFO  inventory-service-o.a.k.c.c.i.ConsumerRebalanceListenerInvoker.invokePartitionsRevoked - [Consumer clientId=consumer-inventory-service-2, groupId=inventory-service] Revoke previously assigned partitions [order-created-topic-0]
14-05-2026 23:54:24.075 [org.springframework.kafka.KafkaListenerEndpointContainer#1-0-C-1] [-] INFO  inventory-service-o.s.k.l.KafkaMessageListenerContainer.info - inventory-service: partitions revoked: [order-created-topic-0]
14-05-2026 23:54:24.075 [org.springframework.kafka.KafkaListenerEndpointContainer#0-0-C-1] [-] INFO  inventory-service-o.s.k.l.KafkaMessageListenerContainer.info - inventory-service: partitions revoked: [order-cancel-topic-0]
14-05-2026 23:54:24.078 [org.springframework.kafka.KafkaListenerEndpointContainer#1-0-C-1] [-] INFO  inventory-service-o.a.k.c.c.i.ConsumerCoordinator.maybeLeaveGroup - [Consumer clientId=consumer-inventory-service-2, groupId=inventory-service] Member consumer-inventory-service-2-a9d6a04f-0dc6-4e56-9fc6-9ea5c00e6782 sending LeaveGroup request to coordinator localhost:9092 (id: 2147483646 rack: null isFenced: false) due to the consumer unsubscribed from all topics
14-05-2026 23:54:24.078 [org.springframework.kafka.KafkaListenerEndpointContainer#0-0-C-1] [-] INFO  inventory-service-o.a.k.c.c.i.ConsumerCoordinator.maybeLeaveGroup - [Consumer clientId=consumer-inventory-service-1, groupId=inventory-service] Member consumer-inventory-service-1-541947e1-f2bb-4376-a993-b9e7f34fe075 sending LeaveGroup request to coordinator localhost:9092 (id: 2147483646 rack: null isFenced: false) due to the consumer unsubscribed from all topics
14-05-2026 23:54:24.079 [org.springframework.kafka.KafkaListenerEndpointContainer#0-0-C-1] [-] INFO  inventory-service-o.a.k.c.c.i.ConsumerCoordinator.resetStateAndGeneration - [Consumer clientId=consumer-inventory-service-1, groupId=inventory-service] Resetting generation and member id due to: consumer pro-actively leaving the group
14-05-2026 23:54:24.079 [org.springframework.kafka.KafkaListenerEndpointContainer#1-0-C-1] [-] INFO  inventory-service-o.a.k.c.c.i.ConsumerCoordinator.resetStateAndGeneration - [Consumer clientId=consumer-inventory-service-2, groupId=inventory-service] Resetting generation and member id due to: consumer pro-actively leaving the group
14-05-2026 23:54:24.079 [org.springframework.kafka.KafkaListenerEndpointContainer#0-0-C-1] [-] INFO  inventory-service-o.a.k.c.c.i.ConsumerCoordinator.requestRejoin - [Consumer clientId=consumer-inventory-service-1, groupId=inventory-service] Request joining group due to: consumer pro-actively leaving the group
14-05-2026 23:54:24.079 [org.springframework.kafka.KafkaListenerEndpointContainer#0-0-C-1] [-] INFO  inventory-service-o.a.k.c.c.i.ClassicKafkaConsumer.unsubscribe - [Consumer clientId=consumer-inventory-service-1, groupId=inventory-service] Unsubscribed all topics or patterns and assigned partitions
14-05-2026 23:54:24.079 [org.springframework.kafka.KafkaListenerEndpointContainer#1-0-C-1] [-] INFO  inventory-service-o.a.k.c.c.i.ConsumerCoordinator.requestRejoin - [Consumer clientId=consumer-inventory-service-2, groupId=inventory-service] Request joining group due to: consumer pro-actively leaving the group
14-05-2026 23:54:24.079 [org.springframework.kafka.KafkaListenerEndpointContainer#1-0-C-1] [-] INFO  inventory-service-o.a.k.c.c.i.ClassicKafkaConsumer.unsubscribe - [Consumer clientId=consumer-inventory-service-2, groupId=inventory-service] Unsubscribed all topics or patterns and assigned partitions
14-05-2026 23:54:24.081 [DiscoveryClient-InstanceInfoReplicator-%d] [-] INFO  inventory-service-c.n.d.s.t.d.RedirectingEurekaHttpClient.execute - Request execution error. endpoint=DefaultEndpoint{ serviceUrl='http://localhost:8761/eureka/} exception=I/O error on POST request for "http://localhost:8761/eureka/apps/INVENTORY-SERVICE": Connect to http://localhost:8761 failed: Connection refused: getsockopt stacktrace=org.springframework.web.client.ResourceAccessException: I/O error on POST request for "http://localhost:8761/eureka/apps/INVENTORY-SERVICE": Connect to http://localhost:8761 failed: Connection refused: getsockopt
	at org.springframework.web.client.DefaultRestClient$DefaultRequestBodyUriSpec.createResourceAccessException(DefaultRestClient.java:776)
	at org.springframework.web.client.DefaultRestClient$DefaultRequestBodyUriSpec.exchangeInternal(DefaultRestClient.java:624)
	at org.springframework.web.client.DefaultRestClient$DefaultRequestBodyUriSpec.exchange(DefaultRestClient.java:572)
	at org.springframework.web.client.RestClient$RequestHeadersSpec.exchange(RestClient.java:747)
	at org.springframework.web.client.DefaultRestClient$DefaultResponseSpec.executeAndExtract(DefaultRestClient.java:921)
	at org.springframework.web.client.DefaultRestClient$DefaultResponseSpec.toBodilessEntity(DefaultRestClient.java:885)
	at org.springframework.cloud.netflix.eureka.http.RestClientEurekaHttpClient.register(RestClientEurekaHttpClient.java:64)
	at com.netflix.discovery.shared.transport.decorator.EurekaHttpClientDecorator$1.execute(EurekaHttpClientDecorator.java:59)
	at com.netflix.discovery.shared.transport.decorator.RedirectingEurekaHttpClient.execute(RedirectingEurekaHttpClient.java:91)
	at com.netflix.discovery.shared.transport.decorator.EurekaHttpClientDecorator.register(EurekaHttpClientDecorator.java:56)
	at com.netflix.discovery.shared.transport.decorator.EurekaHttpClientDecorator$1.execute(EurekaHttpClientDecorator.java:59)
	at com.netflix.discovery.shared.transport.decorator.RetryableEurekaHttpClient.execute(RetryableEurekaHttpClient.java:120)
	at com.netflix.discovery.shared.transport.decorator.EurekaHttpClientDecorator.register(EurekaHttpClientDecorator.java:56)
	at com.netflix.discovery.shared.transport.decorator.EurekaHttpClientDecorator$1.execute(EurekaHttpClientDecorator.java:59)
	at com.netflix.discovery.shared.transport.decorator.SessionedEurekaHttpClient.execute(SessionedEurekaHttpClient.java:76)
	at com.netflix.discovery.shared.transport.decorator.EurekaHttpClientDecorator.register(EurekaHttpClientDecorator.java:56)
	at com.netflix.discovery.DiscoveryClient.register(DiscoveryClient.java:828)
	at com.netflix.discovery.InstanceInfoReplicator.run(InstanceInfoReplicator.java:125)
	at com.netflix.discovery.InstanceInfoReplicator$2.run(InstanceInfoReplicator.java:105)
	at java.base/java.util.concurrent.Executors$RunnableAdapter.call(Executors.java:572)
	at java.base/java.util.concurrent.FutureTask.run(FutureTask.java:317)
	at java.base/java.util.concurrent.ScheduledThreadPoolExecutor$ScheduledFutureTask.run(ScheduledThreadPoolExecutor.java:304)
	at java.base/java.util.concurrent.ThreadPoolExecutor.runWorker(ThreadPoolExecutor.java:1144)
	at java.base/java.util.concurrent.ThreadPoolExecutor$Worker.run(ThreadPoolExecutor.java:642)
	at java.base/java.lang.Thread.run(Thread.java:1583)
Caused by: org.apache.hc.client5.http.HttpHostConnectException: Connect to http://localhost:8761 failed: Connection refused: getsockopt
	at java.base/sun.nio.ch.Net.pollConnect(Native Method)
	at java.base/sun.nio.ch.Net.pollConnectNow(Net.java:694)
	at java.base/sun.nio.ch.NioSocketImpl.timedFinishConnect(NioSocketImpl.java:542)
	at java.base/sun.nio.ch.NioSocketImpl.connect(NioSocketImpl.java:592)
	at java.base/java.net.SocksSocketImpl.connect(SocksSocketImpl.java:327)
	at java.base/java.net.Socket.connect(Socket.java:751)
	at org.apache.hc.client5.http.impl.io.DefaultHttpClientConnectionOperator.connect(DefaultHttpClientConnectionOperator.java:226)
	at org.apache.hc.client5.http.impl.io.PoolingHttpClientConnectionManager.connect(PoolingHttpClientConnectionManager.java:497)
	at org.apache.hc.client5.http.impl.classic.InternalExecRuntime.connectEndpoint(InternalExecRuntime.java:164)
	at org.apache.hc.client5.http.impl.classic.InternalExecRuntime.connectEndpoint(InternalExecRuntime.java:174)
	at org.apache.hc.client5.http.impl.classic.ConnectExec.execute(ConnectExec.java:144)
	at org.apache.hc.client5.http.impl.classic.ExecChainElement.execute(ExecChainElement.java:51)
	at org.apache.hc.client5.http.impl.classic.ProtocolExec.execute(ProtocolExec.java:195)
	at org.apache.hc.client5.http.impl.classic.ExecChainElement.execute(ExecChainElement.java:51)
	at org.apache.hc.client5.http.impl.classic.ContentCompressionExec.execute(ContentCompressionExec.java:168)
	at org.apache.hc.client5.http.impl.classic.ExecChainElement.execute(ExecChainElement.java:51)
	at org.apache.hc.client5.http.impl.classic.HttpRequestRetryExec.execute(HttpRequestRetryExec.java:112)
	at org.apache.hc.client5.http.impl.classic.ExecChainElement.execute(ExecChainElement.java:51)
	at org.apache.hc.client5.http.impl.classic.RedirectExec.execute(RedirectExec.java:110)
	at org.apache.hc.client5.http.impl.classic.ExecChainElement.execute(ExecChainElement.java:51)
	at org.apache.hc.client5.http.impl.classic.InternalHttpClient.doExecute(InternalHttpClient.java:185)
	at org.apache.hc.client5.http.impl.classic.CloseableHttpClient.execute(CloseableHttpClient.java:87)
	at org.apache.hc.client5.http.impl.classic.CloseableHttpClient.execute(CloseableHttpClient.java:55)
	at org.apache.hc.client5.http.classic.HttpClient.executeOpen(HttpClient.java:183)
	at org.springframework.http.client.HttpComponentsClientHttpRequest.executeInternal(HttpComponentsClientHttpRequest.java:99)
	at org.springframework.http.client.AbstractStreamingClientHttpRequest.executeInternal(AbstractStreamingClientHttpRequest.java:87)
	at org.springframework.http.client.AbstractClientHttpRequest.execute(AbstractClientHttpRequest.java:80)
	at org.springframework.http.client.AbstractBufferingClientHttpRequest.executeWithRequest(AbstractBufferingClientHttpRequest.java:89)
	at org.springframework.http.client.InterceptingClientHttpRequest$EndOfChainRequestExecution.execute(InterceptingClientHttpRequest.java:102)
	at org.springframework.cloud.netflix.eureka.http.RestClientTransportClientFactory.lambda$newClient$2(RestClientTransportClientFactory.java:98)
	at org.springframework.http.client.ClientHttpRequestInterceptor.lambda$apply$0(ClientHttpRequestInterceptor.java:89)
	at org.springframework.http.client.InterceptingClientHttpRequest.executeInternal(InterceptingClientHttpRequest.java:73)
	at org.springframework.http.client.AbstractBufferingClientHttpRequest.executeInternal(AbstractBufferingClientHttpRequest.java:50)
	at org.springframework.http.client.AbstractClientHttpRequest.execute(AbstractClientHttpRequest.java:80)
	at org.springframework.web.client.DefaultRestClient$DefaultRequestBodyUriSpec.exchangeInternal(DefaultRestClient.java:614)
	... 23 more

14-05-2026 23:54:24.082 [DiscoveryClient-InstanceInfoReplicator-%d] [-] WARN  inventory-service-c.n.d.s.t.d.RetryableEurekaHttpClient.execute - Request execution failed with message: I/O error on POST request for "http://localhost:8761/eureka/apps/INVENTORY-SERVICE": Connect to http://localhost:8761 failed: Connection refused: getsockopt
14-05-2026 23:54:24.085 [org.springframework.kafka.KafkaListenerEndpointContainer#1-0-C-1] [-] INFO  inventory-service-o.a.k.c.c.i.ConsumerCoordinator.resetStateAndGeneration - [Consumer clientId=consumer-inventory-service-2, groupId=inventory-service] Resetting generation and member id due to: consumer pro-actively leaving the group
14-05-2026 23:54:24.085 [org.springframework.kafka.KafkaListenerEndpointContainer#1-0-C-1] [-] INFO  inventory-service-o.a.k.c.c.i.ConsumerCoordinator.requestRejoin - [Consumer clientId=consumer-inventory-service-2, groupId=inventory-service] Request joining group due to: consumer pro-actively leaving the group
14-05-2026 23:54:24.086 [org.springframework.kafka.KafkaListenerEndpointContainer#0-0-C-1] [-] INFO  inventory-service-o.a.k.c.c.i.ConsumerCoordinator.resetStateAndGeneration - [Consumer clientId=consumer-inventory-service-1, groupId=inventory-service] Resetting generation and member id due to: consumer pro-actively leaving the group
14-05-2026 23:54:24.086 [org.springframework.kafka.KafkaListenerEndpointContainer#0-0-C-1] [-] INFO  inventory-service-o.a.k.c.c.i.ConsumerCoordinator.requestRejoin - [Consumer clientId=consumer-inventory-service-1, groupId=inventory-service] Request joining group due to: consumer pro-actively leaving the group
14-05-2026 23:54:24.117 [DiscoveryClient-InstanceInfoReplicator-%d] [-] INFO  inventory-service-c.n.d.s.t.d.RedirectingEurekaHttpClient.execute - Request execution error. endpoint=DefaultEndpoint{ serviceUrl='http://localhost:8761/eureka/}, exception=I/O error on POST request for "http://localhost:8761/eureka/apps/INVENTORY-SERVICE": Connect to http://localhost:8761 failed: Connection refused: getsockopt stacktrace=org.springframework.web.client.ResourceAccessException: I/O error on POST request for "http://localhost:8761/eureka/apps/INVENTORY-SERVICE": Connect to http://localhost:8761 failed: Connection refused: getsockopt
	at org.springframework.web.client.DefaultRestClient$DefaultRequestBodyUriSpec.createResourceAccessException(DefaultRestClient.java:776)
	at org.springframework.web.client.DefaultRestClient$DefaultRequestBodyUriSpec.exchangeInternal(DefaultRestClient.java:624)
	at org.springframework.web.client.DefaultRestClient$DefaultRequestBodyUriSpec.exchange(DefaultRestClient.java:572)
	at org.springframework.web.client.RestClient$RequestHeadersSpec.exchange(RestClient.java:747)
	at org.springframework.web.client.DefaultRestClient$DefaultResponseSpec.executeAndExtract(DefaultRestClient.java:921)
	at org.springframework.web.client.DefaultRestClient$DefaultResponseSpec.toBodilessEntity(DefaultRestClient.java:885)
	at org.springframework.cloud.netflix.eureka.http.RestClientEurekaHttpClient.register(RestClientEurekaHttpClient.java:64)
	at com.netflix.discovery.shared.transport.decorator.EurekaHttpClientDecorator$1.execute(EurekaHttpClientDecorator.java:59)
	at com.netflix.discovery.shared.transport.decorator.RedirectingEurekaHttpClient.executeOnNewServer(RedirectingEurekaHttpClient.java:121)
	at com.netflix.discovery.shared.transport.decorator.RedirectingEurekaHttpClient.execute(RedirectingEurekaHttpClient.java:80)
	at com.netflix.discovery.shared.transport.decorator.EurekaHttpClientDecorator.register(EurekaHttpClientDecorator.java:56)
	at com.netflix.discovery.shared.transport.decorator.EurekaHttpClientDecorator$1.execute(EurekaHttpClientDecorator.java:59)
	at com.netflix.discovery.shared.transport.decorator.RetryableEurekaHttpClient.execute(RetryableEurekaHttpClient.java:120)
	at com.netflix.discovery.shared.transport.decorator.EurekaHttpClientDecorator.register(EurekaHttpClientDecorator.java:56)
	at com.netflix.discovery.shared.transport.decorator.EurekaHttpClientDecorator$1.execute(EurekaHttpClientDecorator.java:59)
	at com.netflix.discovery.shared.transport.decorator.SessionedEurekaHttpClient.execute(SessionedEurekaHttpClient.java:76)
	at com.netflix.discovery.shared.transport.decorator.EurekaHttpClientDecorator.register(EurekaHttpClientDecorator.java:56)
	at com.netflix.discovery.DiscoveryClient.register(DiscoveryClient.java:828)
	at com.netflix.discovery.InstanceInfoReplicator.run(InstanceInfoReplicator.java:125)
	at com.netflix.discovery.InstanceInfoReplicator$2.run(InstanceInfoReplicator.java:105)
	at java.base/java.util.concurrent.Executors$RunnableAdapter.call(Executors.java:572)
	at java.base/java.util.concurrent.FutureTask.run(FutureTask.java:317)
	at java.base/java.util.concurrent.ScheduledThreadPoolExecutor$ScheduledFutureTask.run(ScheduledThreadPoolExecutor.java:304)
	at java.base/java.util.concurrent.ThreadPoolExecutor.runWorker(ThreadPoolExecutor.java:1144)
	at java.base/java.util.concurrent.ThreadPoolExecutor$Worker.run(ThreadPoolExecutor.java:642)
	at java.base/java.lang.Thread.run(Thread.java:1583)
Caused by: org.apache.hc.client5.http.HttpHostConnectException: Connect to http://localhost:8761 failed: Connection refused: getsockopt
	at java.base/sun.nio.ch.Net.pollConnect(Native Method)
	at java.base/sun.nio.ch.Net.pollConnectNow(Net.java:694)
	at java.base/sun.nio.ch.NioSocketImpl.timedFinishConnect(NioSocketImpl.java:542)
	at java.base/sun.nio.ch.NioSocketImpl.connect(NioSocketImpl.java:592)
	at java.base/java.net.SocksSocketImpl.connect(SocksSocketImpl.java:327)
	at java.base/java.net.Socket.connect(Socket.java:751)
	at org.apache.hc.client5.http.impl.io.DefaultHttpClientConnectionOperator.connect(DefaultHttpClientConnectionOperator.java:226)
	at org.apache.hc.client5.http.impl.io.PoolingHttpClientConnectionManager.connect(PoolingHttpClientConnectionManager.java:497)
	at org.apache.hc.client5.http.impl.classic.InternalExecRuntime.connectEndpoint(InternalExecRuntime.java:164)
	at org.apache.hc.client5.http.impl.classic.InternalExecRuntime.connectEndpoint(InternalExecRuntime.java:174)
	at org.apache.hc.client5.http.impl.classic.ConnectExec.execute(ConnectExec.java:144)
	at org.apache.hc.client5.http.impl.classic.ExecChainElement.execute(ExecChainElement.java:51)
	at org.apache.hc.client5.http.impl.classic.ProtocolExec.execute(ProtocolExec.java:195)
	at org.apache.hc.client5.http.impl.classic.ExecChainElement.execute(ExecChainElement.java:51)
	at org.apache.hc.client5.http.impl.classic.ContentCompressionExec.execute(ContentCompressionExec.java:168)
	at org.apache.hc.client5.http.impl.classic.ExecChainElement.execute(ExecChainElement.java:51)
	at org.apache.hc.client5.http.impl.classic.HttpRequestRetryExec.execute(HttpRequestRetryExec.java:112)
	at org.apache.hc.client5.http.impl.classic.ExecChainElement.execute(ExecChainElement.java:51)
	at org.apache.hc.client5.http.impl.classic.RedirectExec.execute(RedirectExec.java:110)
	at org.apache.hc.client5.http.impl.classic.ExecChainElement.execute(ExecChainElement.java:51)
	at org.apache.hc.client5.http.impl.classic.InternalHttpClient.doExecute(InternalHttpClient.java:185)
	at org.apache.hc.client5.http.impl.classic.CloseableHttpClient.execute(CloseableHttpClient.java:87)
	at org.apache.hc.client5.http.impl.classic.CloseableHttpClient.execute(CloseableHttpClient.java:55)
	at org.apache.hc.client5.http.classic.HttpClient.executeOpen(HttpClient.java:183)
	at org.springframework.http.client.HttpComponentsClientHttpRequest.executeInternal(HttpComponentsClientHttpRequest.java:99)
	at org.springframework.http.client.AbstractStreamingClientHttpRequest.executeInternal(AbstractStreamingClientHttpRequest.java:87)
	at org.springframework.http.client.AbstractClientHttpRequest.execute(AbstractClientHttpRequest.java:80)
	at org.springframework.http.client.AbstractBufferingClientHttpRequest.executeWithRequest(AbstractBufferingClientHttpRequest.java:89)
	at org.springframework.http.client.InterceptingClientHttpRequest$EndOfChainRequestExecution.execute(InterceptingClientHttpRequest.java:102)
	at org.springframework.cloud.netflix.eureka.http.RestClientTransportClientFactory.lambda$newClient$2(RestClientTransportClientFactory.java:98)
	at org.springframework.http.client.ClientHttpRequestInterceptor.lambda$apply$0(ClientHttpRequestInterceptor.java:89)
	at org.springframework.http.client.InterceptingClientHttpRequest.executeInternal(InterceptingClientHttpRequest.java:73)
	at org.springframework.http.client.AbstractBufferingClientHttpRequest.executeInternal(AbstractBufferingClientHttpRequest.java:50)
	at org.springframework.http.client.AbstractClientHttpRequest.execute(AbstractClientHttpRequest.java:80)
	at org.springframework.web.client.DefaultRestClient$DefaultRequestBodyUriSpec.exchangeInternal(DefaultRestClient.java:614)
	... 24 more

14-05-2026 23:54:24.117 [DiscoveryClient-InstanceInfoReplicator-%d] [-] WARN  inventory-service-c.n.d.s.t.d.RetryableEurekaHttpClient.execute - Request execution failed with message: I/O error on POST request for "http://localhost:8761/eureka/apps/INVENTORY-SERVICE": Connect to http://localhost:8761 failed: Connection refused: getsockopt
14-05-2026 23:54:24.118 [DiscoveryClient-InstanceInfoReplicator-%d] [-] WARN  inventory-service-c.netflix.discovery.DiscoveryClient.register - DiscoveryClient_INVENTORY-SERVICE/localhost:inventory-service:9010 - registration failed Cannot execute request on any known server
com.netflix.discovery.shared.transport.TransportException: Cannot execute request on any known server
	at com.netflix.discovery.shared.transport.decorator.RetryableEurekaHttpClient.execute(RetryableEurekaHttpClient.java:112)
	at com.netflix.discovery.shared.transport.decorator.EurekaHttpClientDecorator.register(EurekaHttpClientDecorator.java:56)
	at com.netflix.discovery.shared.transport.decorator.EurekaHttpClientDecorator$1.execute(EurekaHttpClientDecorator.java:59)
	at com.netflix.discovery.shared.transport.decorator.SessionedEurekaHttpClient.execute(SessionedEurekaHttpClient.java:76)
	at com.netflix.discovery.shared.transport.decorator.EurekaHttpClientDecorator.register(EurekaHttpClientDecorator.java:56)
	at com.netflix.discovery.DiscoveryClient.register(DiscoveryClient.java:828)
	at com.netflix.discovery.InstanceInfoReplicator.run(InstanceInfoReplicator.java:125)
	at com.netflix.discovery.InstanceInfoReplicator$2.run(InstanceInfoReplicator.java:105)
	at java.base/java.util.concurrent.Executors$RunnableAdapter.call(Executors.java:572)
	at java.base/java.util.concurrent.FutureTask.run(FutureTask.java:317)
	at java.base/java.util.concurrent.ScheduledThreadPoolExecutor$ScheduledFutureTask.run(ScheduledThreadPoolExecutor.java:304)
	at java.base/java.util.concurrent.ThreadPoolExecutor.runWorker(ThreadPoolExecutor.java:1144)
	at java.base/java.util.concurrent.ThreadPoolExecutor$Worker.run(ThreadPoolExecutor.java:642)
	at java.base/java.lang.Thread.run(Thread.java:1583)
14-05-2026 23:54:24.120 [DiscoveryClient-InstanceInfoReplicator-%d] [-] WARN  inventory-service-c.n.discovery.InstanceInfoReplicator.run - There was a problem with the instance info replicator
com.netflix.discovery.shared.transport.TransportException: Cannot execute request on any known server
	at com.netflix.discovery.shared.transport.decorator.RetryableEurekaHttpClient.execute(RetryableEurekaHttpClient.java:112)
	at com.netflix.discovery.shared.transport.decorator.EurekaHttpClientDecorator.register(EurekaHttpClientDecorator.java:56)
	at com.netflix.discovery.shared.transport.decorator.EurekaHttpClientDecorator$1.execute(EurekaHttpClientDecorator.java:59)
	at com.netflix.discovery.shared.transport.decorator.SessionedEurekaHttpClient.execute(SessionedEurekaHttpClient.java:76)
	at com.netflix.discovery.shared.transport.decorator.EurekaHttpClientDecorator.register(EurekaHttpClientDecorator.java:56)
	at com.netflix.discovery.DiscoveryClient.register(DiscoveryClient.java:828)
	at com.netflix.discovery.InstanceInfoReplicator.run(InstanceInfoReplicator.java:125)
	at com.netflix.discovery.InstanceInfoReplicator$2.run(InstanceInfoReplicator.java:105)
	at java.base/java.util.concurrent.Executors$RunnableAdapter.call(Executors.java:572)
	at java.base/java.util.concurrent.FutureTask.run(FutureTask.java:317)
	at java.base/java.util.concurrent.ScheduledThreadPoolExecutor$ScheduledFutureTask.run(ScheduledThreadPoolExecutor.java:304)
	at java.base/java.util.concurrent.ThreadPoolExecutor.runWorker(ThreadPoolExecutor.java:1144)
	at java.base/java.util.concurrent.ThreadPoolExecutor$Worker.run(ThreadPoolExecutor.java:642)
	at java.base/java.lang.Thread.run(Thread.java:1583)
14-05-2026 23:54:24.584 [org.springframework.kafka.KafkaListenerEndpointContainer#0-0-C-1] [-] INFO  inventory-service-o.a.kafka.common.metrics.Metrics.close - Metrics scheduler closed
14-05-2026 23:54:24.584 [org.springframework.kafka.KafkaListenerEndpointContainer#1-0-C-1] [-] INFO  inventory-service-o.a.kafka.common.metrics.Metrics.close - Metrics scheduler closed
14-05-2026 23:54:24.584 [org.springframework.kafka.KafkaListenerEndpointContainer#0-0-C-1] [-] INFO  inventory-service-o.a.kafka.common.metrics.Metrics.close - Closing reporter org.apache.kafka.common.metrics.JmxReporter
14-05-2026 23:54:24.584 [org.springframework.kafka.KafkaListenerEndpointContainer#1-0-C-1] [-] INFO  inventory-service-o.a.kafka.common.metrics.Metrics.close - Closing reporter org.apache.kafka.common.metrics.JmxReporter
14-05-2026 23:54:24.584 [org.springframework.kafka.KafkaListenerEndpointContainer#0-0-C-1] [-] INFO  inventory-service-o.a.kafka.common.metrics.Metrics.close - Closing reporter org.apache.kafka.common.telemetry.internals.ClientTelemetryReporter
14-05-2026 23:54:24.584 [org.springframework.kafka.KafkaListenerEndpointContainer#1-0-C-1] [-] INFO  inventory-service-o.a.kafka.common.metrics.Metrics.close - Closing reporter org.apache.kafka.common.telemetry.internals.ClientTelemetryReporter
14-05-2026 23:54:24.584 [org.springframework.kafka.KafkaListenerEndpointContainer#0-0-C-1] [-] INFO  inventory-service-o.a.kafka.common.metrics.Metrics.close - Metrics reporters closed
14-05-2026 23:54:24.584 [org.springframework.kafka.KafkaListenerEndpointContainer#1-0-C-1] [-] INFO  inventory-service-o.a.kafka.common.metrics.Metrics.close - Metrics reporters closed
14-05-2026 23:54:24.591 [org.springframework.kafka.KafkaListenerEndpointContainer#0-0-C-1] [-] INFO  inventory-service-o.a.kafka.common.utils.AppInfoParser.unregisterAppInfo - App info kafka.consumer for consumer-inventory-service-1 unregistered
14-05-2026 23:54:24.592 [org.springframework.kafka.KafkaListenerEndpointContainer#1-0-C-1] [-] INFO  inventory-service-o.a.kafka.common.utils.AppInfoParser.unregisterAppInfo - App info kafka.consumer for consumer-inventory-service-2 unregistered
14-05-2026 23:54:24.592 [org.springframework.kafka.KafkaListenerEndpointContainer#0-0-C-1] [-] INFO  inventory-service-o.s.k.l.KafkaMessageListenerContainer.info - inventory-service: Consumer stopped
14-05-2026 23:54:24.593 [org.springframework.kafka.KafkaListenerEndpointContainer#1-0-C-1] [-] INFO  inventory-service-o.s.k.l.KafkaMessageListenerContainer.info - inventory-service: Consumer stopped
14-05-2026 23:54:24.595 [SpringApplicationShutdownHook] [-] INFO  inventory-service-o.s.boot.tomcat.GracefulShutdown.shutDownGracefully - Commencing graceful shutdown. Waiting for active requests to complete
14-05-2026 23:54:24.603 [tomcat-shutdown] [-] INFO  inventory-service-o.s.boot.tomcat.GracefulShutdown.doShutdown - Graceful shutdown complete
14-05-2026 23:54:24.611 [SpringApplicationShutdownHook] [-] INFO  inventory-service-o.s.o.j.LocalContainerEntityManagerFactoryBean.destroy - Closing JPA EntityManagerFactory for persistence unit 'default'
14-05-2026 23:54:24.623 [SpringApplicationShutdownHook] [-] INFO  inventory-service-com.zaxxer.hikari.HikariDataSource.close - HikariPool-1 - Shutdown initiated...
14-05-2026 23:54:24.626 [SpringApplicationShutdownHook] [-] INFO  inventory-service-com.zaxxer.hikari.HikariDataSource.close - HikariPool-1 - Shutdown completed.
14-05-2026 23:54:24.627 [SpringApplicationShutdownHook] [-] INFO  inventory-service-c.netflix.discovery.DiscoveryClient.shutdown - Shutting down DiscoveryClient ...
14-05-2026 23:54:27.631 [SpringApplicationShutdownHook] [-] INFO  inventory-service-c.netflix.discovery.DiscoveryClient.unregister - Unregistering ...
14-05-2026 23:54:27.678 [SpringApplicationShutdownHook] [-] INFO  inventory-service-c.n.d.s.t.d.RedirectingEurekaHttpClient.execute - Request execution error. endpoint=DefaultEndpoint{ serviceUrl='http://localhost:8761/eureka/}, exception=I/O error on DELETE request for "http://localhost:8761/eureka/apps/INVENTORY-SERVICE/localhost:inventory-service:9010": Connect to http://localhost:8761 failed: Connection refused: getsockopt stacktrace=org.springframework.web.client.ResourceAccessException: I/O error on DELETE request for "http://localhost:8761/eureka/apps/INVENTORY-SERVICE/localhost:inventory-service:9010": Connect to http://localhost:8761 failed: Connection refused: getsockopt
	at org.springframework.web.client.DefaultRestClient$DefaultRequestBodyUriSpec.createResourceAccessException(DefaultRestClient.java:776)
	at org.springframework.web.client.DefaultRestClient$DefaultRequestBodyUriSpec.exchangeInternal(DefaultRestClient.java:624)
	at org.springframework.web.client.DefaultRestClient$DefaultRequestBodyUriSpec.exchange(DefaultRestClient.java:572)
	at org.springframework.web.client.RestClient$RequestHeadersSpec.exchange(RestClient.java:747)
	at org.springframework.web.client.DefaultRestClient$DefaultResponseSpec.executeAndExtract(DefaultRestClient.java:921)
	at org.springframework.web.client.DefaultRestClient$DefaultResponseSpec.toBodilessEntity(DefaultRestClient.java:885)
	at org.springframework.cloud.netflix.eureka.http.RestClientEurekaHttpClient.cancel(RestClientEurekaHttpClient.java:73)
	at com.netflix.discovery.shared.transport.decorator.EurekaHttpClientDecorator$2.execute(EurekaHttpClientDecorator.java:74)
	at com.netflix.discovery.shared.transport.decorator.RedirectingEurekaHttpClient.executeOnNewServer(RedirectingEurekaHttpClient.java:121)
	at com.netflix.discovery.shared.transport.decorator.RedirectingEurekaHttpClient.execute(RedirectingEurekaHttpClient.java:80)
	at com.netflix.discovery.shared.transport.decorator.EurekaHttpClientDecorator.cancel(EurekaHttpClientDecorator.java:71)
	at com.netflix.discovery.shared.transport.decorator.EurekaHttpClientDecorator$2.execute(EurekaHttpClientDecorator.java:74)
	at com.netflix.discovery.shared.transport.decorator.RetryableEurekaHttpClient.execute(RetryableEurekaHttpClient.java:120)
	at com.netflix.discovery.shared.transport.decorator.EurekaHttpClientDecorator.cancel(EurekaHttpClientDecorator.java:71)
	at com.netflix.discovery.shared.transport.decorator.EurekaHttpClientDecorator$2.execute(EurekaHttpClientDecorator.java:74)
	at com.netflix.discovery.shared.transport.decorator.SessionedEurekaHttpClient.execute(SessionedEurekaHttpClient.java:76)
	at com.netflix.discovery.shared.transport.decorator.EurekaHttpClientDecorator.cancel(EurekaHttpClientDecorator.java:71)
	at com.netflix.discovery.DiscoveryClient.unregister(DiscoveryClient.java:919)
	at com.netflix.discovery.DiscoveryClient.shutdown(DiscoveryClient.java:900)
	at java.base/jdk.internal.reflect.DirectMethodHandleAccessor.invoke(DirectMethodHandleAccessor.java:103)
	at java.base/java.lang.reflect.Method.invoke(Method.java:580)
	at org.springframework.beans.factory.annotation.InitDestroyAnnotationBeanPostProcessor$LifecycleMethod.invoke(InitDestroyAnnotationBeanPostProcessor.java:453)
	at org.springframework.beans.factory.annotation.InitDestroyAnnotationBeanPostProcessor$LifecycleMetadata.invokeDestroyMethods(InitDestroyAnnotationBeanPostProcessor.java:411)
	at org.springframework.beans.factory.annotation.InitDestroyAnnotationBeanPostProcessor.postProcessBeforeDestruction(InitDestroyAnnotationBeanPostProcessor.java:237)
	at org.springframework.beans.factory.support.DisposableBeanAdapter.destroy(DisposableBeanAdapter.java:200)
	at org.springframework.beans.factory.support.DisposableBeanAdapter.run(DisposableBeanAdapter.java:193)
	at org.springframework.cloud.context.scope.GenericScope$BeanLifecycleWrapper.destroy(GenericScope.java:387)
	at org.springframework.cloud.context.scope.GenericScope.destroy(GenericScope.java:134)
	at org.springframework.beans.factory.support.DisposableBeanAdapter.destroy(DisposableBeanAdapter.java:209)
	at org.springframework.beans.factory.support.DefaultSingletonBeanRegistry.destroyBean(DefaultSingletonBeanRegistry.java:795)
	at org.springframework.beans.factory.support.DefaultSingletonBeanRegistry.destroySingleton(DefaultSingletonBeanRegistry.java:745)
	at org.springframework.beans.factory.support.DefaultListableBeanFactory.destroySingleton(DefaultListableBeanFactory.java:1500)
	at org.springframework.beans.factory.support.DefaultSingletonBeanRegistry.destroySingletons(DefaultSingletonBeanRegistry.java:704)
	at org.springframework.beans.factory.support.DefaultListableBeanFactory.destroySingletons(DefaultListableBeanFactory.java:1493)
	at org.springframework.context.support.AbstractApplicationContext.destroyBeans(AbstractApplicationContext.java:1246)
	at org.springframework.context.support.AbstractApplicationContext.doClose(AbstractApplicationContext.java:1207)
	at org.springframework.boot.web.server.servlet.context.ServletWebServerApplicationContext.doClose(ServletWebServerApplicationContext.java:176)
	at org.springframework.context.support.AbstractApplicationContext.close(AbstractApplicationContext.java:1153)
	at org.springframework.boot.SpringApplicationShutdownHook.closeAndWait(SpringApplicationShutdownHook.java:147)
	at java.base/java.lang.Iterable.forEach(Iterable.java:75)
	at org.springframework.boot.SpringApplicationShutdownHook.run(SpringApplicationShutdownHook.java:116)
	at java.base/java.lang.Thread.run(Thread.java:1583)
Caused by: org.apache.hc.client5.http.HttpHostConnectException: Connect to http://localhost:8761 failed: Connection refused: getsockopt
	at java.base/sun.nio.ch.Net.pollConnect(Native Method)
	at java.base/sun.nio.ch.Net.pollConnectNow(Net.java:694)
	at java.base/sun.nio.ch.NioSocketImpl.timedFinishConnect(NioSocketImpl.java:542)
	at java.base/sun.nio.ch.NioSocketImpl.connect(NioSocketImpl.java:592)
	at java.base/java.net.SocksSocketImpl.connect(SocksSocketImpl.java:327)
	at java.base/java.net.Socket.connect(Socket.java:751)
	at org.apache.hc.client5.http.impl.io.DefaultHttpClientConnectionOperator.connect(DefaultHttpClientConnectionOperator.java:226)
	at org.apache.hc.client5.http.impl.io.PoolingHttpClientConnectionManager.connect(PoolingHttpClientConnectionManager.java:497)
	at org.apache.hc.client5.http.impl.classic.InternalExecRuntime.connectEndpoint(InternalExecRuntime.java:164)
	at org.apache.hc.client5.http.impl.classic.InternalExecRuntime.connectEndpoint(InternalExecRuntime.java:174)
	at org.apache.hc.client5.http.impl.classic.ConnectExec.execute(ConnectExec.java:144)
	at org.apache.hc.client5.http.impl.classic.ExecChainElement.execute(ExecChainElement.java:51)
	at org.apache.hc.client5.http.impl.classic.ProtocolExec.execute(ProtocolExec.java:195)
	at org.apache.hc.client5.http.impl.classic.ExecChainElement.execute(ExecChainElement.java:51)
	at org.apache.hc.client5.http.impl.classic.ContentCompressionExec.execute(ContentCompressionExec.java:168)
	at org.apache.hc.client5.http.impl.classic.ExecChainElement.execute(ExecChainElement.java:51)
	at org.apache.hc.client5.http.impl.classic.HttpRequestRetryExec.execute(HttpRequestRetryExec.java:112)
	at org.apache.hc.client5.http.impl.classic.ExecChainElement.execute(ExecChainElement.java:51)
	at org.apache.hc.client5.http.impl.classic.RedirectExec.execute(RedirectExec.java:110)
	at org.apache.hc.client5.http.impl.classic.ExecChainElement.execute(ExecChainElement.java:51)
	at org.apache.hc.client5.http.impl.classic.InternalHttpClient.doExecute(InternalHttpClient.java:185)
	at org.apache.hc.client5.http.impl.classic.CloseableHttpClient.execute(CloseableHttpClient.java:87)
	at org.apache.hc.client5.http.impl.classic.CloseableHttpClient.execute(CloseableHttpClient.java:55)
	at org.apache.hc.client5.http.classic.HttpClient.executeOpen(HttpClient.java:183)
	at org.springframework.http.client.HttpComponentsClientHttpRequest.executeInternal(HttpComponentsClientHttpRequest.java:99)
	at org.springframework.http.client.AbstractStreamingClientHttpRequest.executeInternal(AbstractStreamingClientHttpRequest.java:87)
	at org.springframework.http.client.AbstractClientHttpRequest.execute(AbstractClientHttpRequest.java:80)
	at org.springframework.http.client.AbstractBufferingClientHttpRequest.executeWithRequest(AbstractBufferingClientHttpRequest.java:89)
	at org.springframework.http.client.InterceptingClientHttpRequest$EndOfChainRequestExecution.execute(InterceptingClientHttpRequest.java:102)
	at org.springframework.cloud.netflix.eureka.http.RestClientTransportClientFactory.lambda$newClient$2(RestClientTransportClientFactory.java:98)
	at org.springframework.http.client.ClientHttpRequestInterceptor.lambda$apply$0(ClientHttpRequestInterceptor.java:89)
	at org.springframework.http.client.InterceptingClientHttpRequest.executeInternal(InterceptingClientHttpRequest.java:73)
	at org.springframework.http.client.AbstractBufferingClientHttpRequest.executeInternal(AbstractBufferingClientHttpRequest.java:50)
	at org.springframework.http.client.AbstractClientHttpRequest.execute(AbstractClientHttpRequest.java:80)
	at org.springframework.web.client.DefaultRestClient$DefaultRequestBodyUriSpec.exchangeInternal(DefaultRestClient.java:614)
	... 40 more

14-05-2026 23:54:27.678 [SpringApplicationShutdownHook] [-] WARN  inventory-service-c.n.d.s.t.d.RetryableEurekaHttpClient.execute - Request execution failed with message: I/O error on DELETE request for "http://localhost:8761/eureka/apps/INVENTORY-SERVICE/localhost:inventory-service:9010": Connect to http://localhost:8761 failed: Connection refused: getsockopt
14-05-2026 23:54:27.678 [SpringApplicationShutdownHook] [-] ERROR inventory-service-c.netflix.discovery.DiscoveryClient.unregister - DiscoveryClient_INVENTORY-SERVICE/localhost:inventory-service:9010 - de-registration failedCannot execute request on any known server
com.netflix.discovery.shared.transport.TransportException: Cannot execute request on any known server
	at com.netflix.discovery.shared.transport.decorator.RetryableEurekaHttpClient.execute(RetryableEurekaHttpClient.java:112)
	at com.netflix.discovery.shared.transport.decorator.EurekaHttpClientDecorator.cancel(EurekaHttpClientDecorator.java:71)
	at com.netflix.discovery.shared.transport.decorator.EurekaHttpClientDecorator$2.execute(EurekaHttpClientDecorator.java:74)
	at com.netflix.discovery.shared.transport.decorator.SessionedEurekaHttpClient.execute(SessionedEurekaHttpClient.java:76)
	at com.netflix.discovery.shared.transport.decorator.EurekaHttpClientDecorator.cancel(EurekaHttpClientDecorator.java:71)
	at com.netflix.discovery.DiscoveryClient.unregister(DiscoveryClient.java:919)
	at com.netflix.discovery.DiscoveryClient.shutdown(DiscoveryClient.java:900)
	at java.base/jdk.internal.reflect.DirectMethodHandleAccessor.invoke(DirectMethodHandleAccessor.java:103)
	at java.base/java.lang.reflect.Method.invoke(Method.java:580)
	at org.springframework.beans.factory.annotation.InitDestroyAnnotationBeanPostProcessor$LifecycleMethod.invoke(InitDestroyAnnotationBeanPostProcessor.java:453)
	at org.springframework.beans.factory.annotation.InitDestroyAnnotationBeanPostProcessor$LifecycleMetadata.invokeDestroyMethods(InitDestroyAnnotationBeanPostProcessor.java:411)
	at org.springframework.beans.factory.annotation.InitDestroyAnnotationBeanPostProcessor.postProcessBeforeDestruction(InitDestroyAnnotationBeanPostProcessor.java:237)
	at org.springframework.beans.factory.support.DisposableBeanAdapter.destroy(DisposableBeanAdapter.java:200)
	at org.springframework.beans.factory.support.DisposableBeanAdapter.run(DisposableBeanAdapter.java:193)
	at org.springframework.cloud.context.scope.GenericScope$BeanLifecycleWrapper.destroy(GenericScope.java:387)
	at org.springframework.cloud.context.scope.GenericScope.destroy(GenericScope.java:134)
	at org.springframework.beans.factory.support.DisposableBeanAdapter.destroy(DisposableBeanAdapter.java:209)
	at org.springframework.beans.factory.support.DefaultSingletonBeanRegistry.destroyBean(DefaultSingletonBeanRegistry.java:795)
	at org.springframework.beans.factory.support.DefaultSingletonBeanRegistry.destroySingleton(DefaultSingletonBeanRegistry.java:745)
	at org.springframework.beans.factory.support.DefaultListableBeanFactory.destroySingleton(DefaultListableBeanFactory.java:1500)
	at org.springframework.beans.factory.support.DefaultSingletonBeanRegistry.destroySingletons(DefaultSingletonBeanRegistry.java:704)
	at org.springframework.beans.factory.support.DefaultListableBeanFactory.destroySingletons(DefaultListableBeanFactory.java:1493)
	at org.springframework.context.support.AbstractApplicationContext.destroyBeans(AbstractApplicationContext.java:1246)
	at org.springframework.context.support.AbstractApplicationContext.doClose(AbstractApplicationContext.java:1207)
	at org.springframework.boot.web.server.servlet.context.ServletWebServerApplicationContext.doClose(ServletWebServerApplicationContext.java:176)
	at org.springframework.context.support.AbstractApplicationContext.close(AbstractApplicationContext.java:1153)
	at org.springframework.boot.SpringApplicationShutdownHook.closeAndWait(SpringApplicationShutdownHook.java:147)
	at java.base/java.lang.Iterable.forEach(Iterable.java:75)
	at org.springframework.boot.SpringApplicationShutdownHook.run(SpringApplicationShutdownHook.java:116)
	at java.base/java.lang.Thread.run(Thread.java:1583)
14-05-2026 23:54:27.679 [SpringApplicationShutdownHook] [-] INFO  inventory-service-c.netflix.discovery.DiscoveryClient.shutdown - Completed shut down of DiscoveryClient
14-05-2026 23:55:45.139 [main] [-] INFO  inventory-service-c.e.i.InventoryServiceApplication.logStarting - Starting InventoryServiceApplication using Java 21.0.10 with PID 31172 (C:\Users\LENOVO\OneDrive\Documents\Projects\Ecommerce\inventory-service\target\classes started by LENOVO in C:\Users\LENOVO\OneDrive\Documents\Projects\Ecommerce)
14-05-2026 23:55:45.143 [main] [-] INFO  inventory-service-c.e.i.InventoryServiceApplication.logStartupProfileInfo - No active profile set, falling back to 1 default profile: "default"
14-05-2026 23:55:45.191 [main] [-] INFO  inventory-service-o.s.c.c.c.ConfigServerConfigDataLoader.log - Fetching config from server at : http://localhost:8888
14-05-2026 23:55:45.191 [main] [-] INFO  inventory-service-o.s.c.c.c.ConfigServerConfigDataLoader.log - Located environment: name=inventory-service, profiles=[default], label=null, version=1c4cc49fa58be6ccce93118b089aa54ddbdd264b, state=
14-05-2026 23:55:46.125 [main] [-] INFO  inventory-service-o.s.d.r.c.RepositoryConfigurationDelegate.registerRepositoriesIn - Bootstrapping Spring Data JPA repositories in DEFAULT mode.
14-05-2026 23:55:46.354 [main] [-] INFO  inventory-service-o.s.d.r.c.RepositoryConfigurationDelegate.registerRepositoriesIn - Finished Spring Data repository scanning in 215 ms. Found 1 JPA repository interface.
14-05-2026 23:55:47.119 [main] [-] INFO  inventory-service-o.s.cloud.context.scope.GenericScope.setSerializationId - BeanFactory id=ed0a3d30-e77e-3e38-ba8c-767cba8e9029
14-05-2026 23:55:47.911 [main] [-] INFO  inventory-service-o.s.boot.tomcat.TomcatWebServer.initialize - Tomcat initialized with port 9010 (http)
14-05-2026 23:55:47.935 [main] [-] INFO  inventory-service-o.a.coyote.http11.Http11NioProtocol.log - Initializing ProtocolHandler ["http-nio-9010"]
14-05-2026 23:55:47.938 [main] [-] INFO  inventory-service-o.a.catalina.core.StandardService.log - Starting service [Tomcat]
14-05-2026 23:55:47.940 [main] [-] INFO  inventory-service-o.a.catalina.core.StandardEngine.log - Starting Servlet engine: [Apache Tomcat/11.0.20]
14-05-2026 23:55:48.074 [main] [-] INFO  inventory-service-o.s.b.w.c.s.WebApplicationContextInitializer.prepareWebApplicationContext - Root WebApplicationContext: initialization completed in 2881 ms
14-05-2026 23:55:48.608 [main] [-] INFO  inventory-service-org.hibernate.orm.jpa.logPersistenceUnitInformation - HHH008540: Processing PersistenceUnitInfo [name: default]
14-05-2026 23:55:48.739 [main] [-] INFO  inventory-service-org.hibernate.orm.core.logVersion - HHH000001: Hibernate ORM core version 7.2.7.Final
14-05-2026 23:55:49.263 [main] [-] INFO  inventory-service-o.s.o.j.p.SpringPersistenceUnitInfo.addTransformer - No LoadTimeWeaver setup: ignoring JPA class transformer
14-05-2026 23:55:49.293 [main] [-] INFO  inventory-service-com.zaxxer.hikari.HikariDataSource.getConnection - HikariPool-1 - Starting...
14-05-2026 23:55:49.454 [main] [-] INFO  inventory-service-com.zaxxer.hikari.pool.HikariPool.checkFailFast - HikariPool-1 - Added connection org.postgresql.jdbc.PgConnection@24bc06dd
14-05-2026 23:55:49.457 [main] [-] INFO  inventory-service-com.zaxxer.hikari.HikariDataSource.getConnection - HikariPool-1 - Start completed.
14-05-2026 23:55:49.552 [main] [-] INFO  inventory-service-o.hibernate.orm.connections.pooling.logConnectionInfo - HHH10001005: Database info:
	Database JDBC URL [jdbc:postgresql://localhost:5432/Ecommerce]
	Database driver: PostgreSQL JDBC Driver
	Database dialect: PostgreSQLDialect
	Database version: 18.1
	Default catalog/schema: Ecommerce/public
	Autocommit mode: undefined/unknown
	Isolation level: READ_COMMITTED [default READ_COMMITTED]
	JDBC fetch size: none
	Pool: DataSourceConnectionProvider
	Minimum pool size: undefined/unknown
	Maximum pool size: undefined/unknown
14-05-2026 23:55:50.764 [main] [-] INFO  inventory-service-org.hibernate.orm.core.initiateService - HHH000489: No JTA platform available (set 'hibernate.transaction.jta.platform' to enable JTA platform integration)
14-05-2026 23:55:50.818 [main] [-] INFO  inventory-service-o.s.o.j.LocalContainerEntityManagerFactoryBean.buildNativeEntityManagerFactory - Initialized JPA EntityManagerFactory for persistence unit 'default'
14-05-2026 23:55:50.953 [main] [-] INFO  inventory-service-o.s.d.j.r.q.QueryEnhancerFactories.<clinit> - Hibernate is in classpath; If applicable, HQL parser will be used.
14-05-2026 23:55:51.413 [main] [-] WARN  inventory-service-o.s.b.j.a.JpaBaseConfiguration$JpaWebConfiguration.openEntityManagerInViewInterceptor - spring.jpa.open-in-view is enabled by default. Therefore, database queries may be performed during view rendering. Explicitly configure spring.jpa.open-in-view to disable this warning
14-05-2026 23:55:52.494 [main] [-] INFO  inventory-service-o.s.cloud.commons.util.InetUtils.convertAddress - Cannot determine local hostname
14-05-2026 23:55:52.515 [main] [-] INFO  inventory-service-o.s.c.o.FeignClientFactoryBean.getTarget - For 'order-service' URL not provided. Will try picking an instance via load-balancing.
14-05-2026 23:55:54.643 [main] [-] INFO  inventory-service-o.s.cloud.commons.util.InetUtils.convertAddress - Cannot determine local hostname
14-05-2026 23:55:54.661 [main] [-] INFO  inventory-service-o.s.c.n.e.c.DiscoveryClientOptionalArgsConfiguration.restClientDiscoveryClientOptionalArgs - Eureka HTTP Client uses RestClient.
14-05-2026 23:55:54.694 [main] [-] WARN  inventory-service-o.s.c.l.c.LoadBalancerCacheAutoConfiguration$LoadBalancerCaffeineWarnLogger.afterPropertiesSet - Spring Cloud LoadBalancer is currently working with the default cache. While this cache implementation is useful for development and tests, it's recommended to use Caffeine cache in production.You can switch to using Caffeine cache, by adding it and org.springframework.cache.caffeine.CaffeineCacheManager to the classpath.
14-05-2026 23:55:54.705 [main] [-] INFO  inventory-service-o.s.b.a.e.web.EndpointLinksResolver.<init> - Exposing 16 endpoints beneath base path '/actuator'
14-05-2026 23:55:54.829 [main] [-] INFO  inventory-service-o.a.k.common.config.AbstractConfig.logAll - AdminClientConfig values: 
	bootstrap.controllers = []
	bootstrap.servers = [localhost:9092]
	client.dns.lookup = use_all_dns_ips
	client.id = inventory-service-admin-0
	connections.max.idle.ms = 300000
	default.api.timeout.ms = 60000
	enable.metrics.push = false
	metadata.max.age.ms = 300000
	metadata.recovery.rebootstrap.trigger.ms = 300000
	metadata.recovery.strategy = rebootstrap
	metric.reporters = [org.apache.kafka.common.metrics.JmxReporter]
	metrics.num.samples = 2
	metrics.recording.level = INFO
	metrics.sample.window.ms = 30000
	receive.buffer.bytes = 65536
	reconnect.backoff.max.ms = 1000
	reconnect.backoff.ms = 50
	request.timeout.ms = 30000
	retries = 2147483647
	retry.backoff.max.ms = 1000
	retry.backoff.ms = 100
	sasl.client.callback.handler.class = null
	sasl.jaas.config = null
	sasl.kerberos.kinit.cmd = /usr/bin/kinit
	sasl.kerberos.min.time.before.relogin = 60000
	sasl.kerberos.service.name = null
	sasl.kerberos.ticket.renew.jitter = 0.05
	sasl.kerberos.ticket.renew.window.factor = 0.8
	sasl.login.callback.handler.class = null
	sasl.login.class = null
	sasl.login.connect.timeout.ms = null
	sasl.login.read.timeout.ms = null
	sasl.login.refresh.buffer.seconds = 300
	sasl.login.refresh.min.period.seconds = 60
	sasl.login.refresh.window.factor = 0.8
	sasl.login.refresh.window.jitter = 0.05
	sasl.login.retry.backoff.max.ms = 10000
	sasl.login.retry.backoff.ms = 100
	sasl.mechanism = GSSAPI
	sasl.oauthbearer.assertion.algorithm = RS256
	sasl.oauthbearer.assertion.claim.aud = null
	sasl.oauthbearer.assertion.claim.exp.seconds = 300
	sasl.oauthbearer.assertion.claim.iss = null
	sasl.oauthbearer.assertion.claim.jti.include = false
	sasl.oauthbearer.assertion.claim.nbf.seconds = 60
	sasl.oauthbearer.assertion.claim.sub = null
	sasl.oauthbearer.assertion.file = null
	sasl.oauthbearer.assertion.private.key.file = null
	sasl.oauthbearer.assertion.private.key.passphrase = null
	sasl.oauthbearer.assertion.template.file = null
	sasl.oauthbearer.client.credentials.client.id = null
	sasl.oauthbearer.client.credentials.client.secret = null
	sasl.oauthbearer.clock.skew.seconds = 30
	sasl.oauthbearer.expected.audience = null
	sasl.oauthbearer.expected.issuer = null
	sasl.oauthbearer.header.urlencode = false
	sasl.oauthbearer.jwks.endpoint.refresh.ms = 3600000
	sasl.oauthbearer.jwks.endpoint.retry.backoff.max.ms = 10000
	sasl.oauthbearer.jwks.endpoint.retry.backoff.ms = 100
	sasl.oauthbearer.jwks.endpoint.url = null
	sasl.oauthbearer.jwt.retriever.class = class org.apache.kafka.common.security.oauthbearer.DefaultJwtRetriever
	sasl.oauthbearer.jwt.validator.class = class org.apache.kafka.common.security.oauthbearer.DefaultJwtValidator
	sasl.oauthbearer.scope = null
	sasl.oauthbearer.scope.claim.name = scope
	sasl.oauthbearer.sub.claim.name = sub
	sasl.oauthbearer.token.endpoint.url = null
	security.protocol = PLAINTEXT
	security.providers = null
	send.buffer.bytes = 131072
	socket.connection.setup.timeout.max.ms = 30000
	socket.connection.setup.timeout.ms = 10000
	ssl.cipher.suites = null
	ssl.enabled.protocols = [TLSv1.2, TLSv1.3]
	ssl.endpoint.identification.algorithm = https
	ssl.engine.factory.class = null
	ssl.key.password = null
	ssl.keymanager.algorithm = SunX509
	ssl.keystore.certificate.chain = null
	ssl.keystore.key = null
	ssl.keystore.location = null
	ssl.keystore.password = null
	ssl.keystore.type = JKS
	ssl.protocol = TLSv1.3
	ssl.provider = null
	ssl.secure.random.implementation = null
	ssl.trustmanager.algorithm = PKIX
	ssl.truststore.certificates = null
	ssl.truststore.location = null
	ssl.truststore.password = null
	ssl.truststore.type = JKS

14-05-2026 23:55:54.953 [main] [-] INFO  inventory-service-o.a.kafka.common.utils.AppInfoParser.<init> - Kafka version: 4.1.2
14-05-2026 23:55:54.953 [main] [-] INFO  inventory-service-o.a.kafka.common.utils.AppInfoParser.<init> - Kafka commitId: c82fd9b934b4c1e6
14-05-2026 23:55:54.953 [main] [-] INFO  inventory-service-o.a.kafka.common.utils.AppInfoParser.<init> - Kafka startTimeMs: 1778783154952
14-05-2026 23:55:55.355 [main] [-] INFO  inventory-service-o.a.kafka.common.metrics.Metrics.close - Metrics scheduler closed
14-05-2026 23:55:55.355 [main] [-] INFO  inventory-service-o.a.kafka.common.metrics.Metrics.close - Closing reporter org.apache.kafka.common.metrics.JmxReporter
14-05-2026 23:55:55.355 [main] [-] INFO  inventory-service-o.a.kafka.common.metrics.Metrics.close - Metrics reporters closed
14-05-2026 23:55:55.356 [kafka-admin-client-thread | inventory-service-admin-0] [-] INFO  inventory-service-o.a.kafka.common.utils.AppInfoParser.unregisterAppInfo - App info kafka.admin.client for inventory-service-admin-0 unregistered
14-05-2026 23:55:55.359 [kafka-admin-client-thread | inventory-service-admin-0] [-] INFO  inventory-service-o.a.kafka.common.metrics.Metrics.close - Metrics scheduler closed
14-05-2026 23:55:55.360 [kafka-admin-client-thread | inventory-service-admin-0] [-] INFO  inventory-service-o.a.kafka.common.metrics.Metrics.close - Closing reporter org.apache.kafka.common.metrics.JmxReporter
14-05-2026 23:55:55.360 [kafka-admin-client-thread | inventory-service-admin-0] [-] INFO  inventory-service-o.a.kafka.common.metrics.Metrics.close - Metrics reporters closed
14-05-2026 23:55:55.373 [main] [-] INFO  inventory-service-o.s.c.n.eureka.InstanceInfoFactory.create - Setting initial instance status as: STARTING
14-05-2026 23:55:55.417 [main] [-] INFO  inventory-service-c.netflix.discovery.DiscoveryClient.<init> - Initializing Eureka in region us-east-1
14-05-2026 23:55:55.425 [main] [-] INFO  inventory-service-c.n.d.s.r.aws.ConfigClusterResolver.getClusterEndpoints - Resolving eureka endpoints via configuration
14-05-2026 23:55:55.442 [main] [-] INFO  inventory-service-c.netflix.discovery.DiscoveryClient.fetchRegistry - Disable delta property : false
14-05-2026 23:55:55.443 [main] [-] INFO  inventory-service-c.netflix.discovery.DiscoveryClient.fetchRegistry - Single vip registry refresh property : null
14-05-2026 23:55:55.444 [main] [-] INFO  inventory-service-c.netflix.discovery.DiscoveryClient.fetchRegistry - Force full registry fetch : false
14-05-2026 23:55:55.444 [main] [-] INFO  inventory-service-c.netflix.discovery.DiscoveryClient.fetchRegistry - Application is null : false
14-05-2026 23:55:55.445 [main] [-] INFO  inventory-service-c.netflix.discovery.DiscoveryClient.fetchRegistry - Registered Applications size is zero : true
14-05-2026 23:55:55.445 [main] [-] INFO  inventory-service-c.netflix.discovery.DiscoveryClient.fetchRegistry - Application version is -1: true
14-05-2026 23:55:55.446 [main] [-] INFO  inventory-service-c.netflix.discovery.DiscoveryClient.getAndStoreFullRegistry - Getting all instance registry info from the eureka server
14-05-2026 23:55:55.816 [main] [-] INFO  inventory-service-c.netflix.discovery.DiscoveryClient.getAndStoreFullRegistry - The response status is 200
14-05-2026 23:55:55.818 [main] [-] INFO  inventory-service-c.netflix.discovery.DiscoveryClient.initScheduledTasks - Starting heartbeat executor: renew interval is: 30
14-05-2026 23:55:55.820 [main] [-] INFO  inventory-service-c.n.discovery.InstanceInfoReplicator.<init> - InstanceInfoReplicator onDemand update allowed rate per min is 4
14-05-2026 23:55:55.821 [main] [-] INFO  inventory-service-c.netflix.discovery.DiscoveryClient.<init> - Discovery Client initialized at timestamp 1778783155821 with initial instances count: 1
14-05-2026 23:55:55.828 [main] [-] INFO  inventory-service-o.s.c.n.e.s.EurekaServiceRegistry.register - Registering application INVENTORY-SERVICE with eureka with status UP
14-05-2026 23:55:55.829 [main] [-] INFO  inventory-service-c.netflix.discovery.DiscoveryClient.notify - Saw local status change event StatusChangeEvent [timestamp=1778783155829, current=UP, previous=STARTING]
14-05-2026 23:55:55.832 [DiscoveryClient-InstanceInfoReplicator-%d] [-] INFO  inventory-service-c.netflix.discovery.DiscoveryClient.register - DiscoveryClient_INVENTORY-SERVICE/localhost:inventory-service:9010: registering service...
14-05-2026 23:55:55.832 [main] [-] INFO  inventory-service-o.a.coyote.http11.Http11NioProtocol.log - Starting ProtocolHandler ["http-nio-9010"]
14-05-2026 23:55:55.846 [main] [-] INFO  inventory-service-o.s.boot.tomcat.TomcatWebServer.start - Tomcat started on port 9010 (http) with context path '/inventory'
14-05-2026 23:55:55.848 [main] [-] INFO  inventory-service-o.s.c.n.e.s.EurekaAutoServiceRegistration.onApplicationEvent - Updating port to 9010
14-05-2026 23:55:55.893 [DiscoveryClient-InstanceInfoReplicator-%d] [-] INFO  inventory-service-c.netflix.discovery.DiscoveryClient.register - DiscoveryClient_INVENTORY-SERVICE/localhost:inventory-service:9010 - registration status: 204
14-05-2026 23:55:56.862 [main] [-] INFO  inventory-service-o.s.cloud.commons.util.InetUtils.convertAddress - Cannot determine local hostname
14-05-2026 23:55:56.892 [main] [-] INFO  inventory-service-o.a.k.common.config.AbstractConfig.logAll - ConsumerConfig values: 
	allow.auto.create.topics = true
	auto.commit.interval.ms = 5000
	auto.offset.reset = latest
	bootstrap.servers = [localhost:9092]
	check.crcs = true
	client.dns.lookup = use_all_dns_ips
	client.id = consumer-inventory-service-1
	client.rack = 
	connections.max.idle.ms = 540000
	default.api.timeout.ms = 60000
	enable.auto.commit = false
	enable.metrics.push = true
	exclude.internal.topics = true
	fetch.max.bytes = 52428800
	fetch.max.wait.ms = 500
	fetch.min.bytes = 1
	group.id = inventory-service
	group.instance.id = null
	group.protocol = classic
	group.remote.assignor = null
	heartbeat.interval.ms = 3000
	interceptor.classes = []
	internal.leave.group.on.close = true
	internal.throw.on.fetch.stable.offset.unsupported = false
	isolation.level = read_uncommitted
	key.deserializer = class org.apache.kafka.common.serialization.LongDeserializer
	max.partition.fetch.bytes = 1048576
	max.poll.interval.ms = 300000
	max.poll.records = 500
	metadata.max.age.ms = 300000
	metadata.recovery.rebootstrap.trigger.ms = 300000
	metadata.recovery.strategy = rebootstrap
	metric.reporters = [org.apache.kafka.common.metrics.JmxReporter]
	metrics.num.samples = 2
	metrics.recording.level = INFO
	metrics.sample.window.ms = 30000
	partition.assignment.strategy = [class org.apache.kafka.clients.consumer.RangeAssignor, class org.apache.kafka.clients.consumer.CooperativeStickyAssignor]
	receive.buffer.bytes = 65536
	reconnect.backoff.max.ms = 1000
	reconnect.backoff.ms = 50
	request.timeout.ms = 30000
	retry.backoff.max.ms = 1000
	retry.backoff.ms = 100
	sasl.client.callback.handler.class = null
	sasl.jaas.config = null
	sasl.kerberos.kinit.cmd = /usr/bin/kinit
	sasl.kerberos.min.time.before.relogin = 60000
	sasl.kerberos.service.name = null
	sasl.kerberos.ticket.renew.jitter = 0.05
	sasl.kerberos.ticket.renew.window.factor = 0.8
	sasl.login.callback.handler.class = null
	sasl.login.class = null
	sasl.login.connect.timeout.ms = null
	sasl.login.read.timeout.ms = null
	sasl.login.refresh.buffer.seconds = 300
	sasl.login.refresh.min.period.seconds = 60
	sasl.login.refresh.window.factor = 0.8
	sasl.login.refresh.window.jitter = 0.05
	sasl.login.retry.backoff.max.ms = 10000
	sasl.login.retry.backoff.ms = 100
	sasl.mechanism = GSSAPI
	sasl.oauthbearer.assertion.algorithm = RS256
	sasl.oauthbearer.assertion.claim.aud = null
	sasl.oauthbearer.assertion.claim.exp.seconds = 300
	sasl.oauthbearer.assertion.claim.iss = null
	sasl.oauthbearer.assertion.claim.jti.include = false
	sasl.oauthbearer.assertion.claim.nbf.seconds = 60
	sasl.oauthbearer.assertion.claim.sub = null
	sasl.oauthbearer.assertion.file = null
	sasl.oauthbearer.assertion.private.key.file = null
	sasl.oauthbearer.assertion.private.key.passphrase = null
	sasl.oauthbearer.assertion.template.file = null
	sasl.oauthbearer.client.credentials.client.id = null
	sasl.oauthbearer.client.credentials.client.secret = null
	sasl.oauthbearer.clock.skew.seconds = 30
	sasl.oauthbearer.expected.audience = null
	sasl.oauthbearer.expected.issuer = null
	sasl.oauthbearer.header.urlencode = false
	sasl.oauthbearer.jwks.endpoint.refresh.ms = 3600000
	sasl.oauthbearer.jwks.endpoint.retry.backoff.max.ms = 10000
	sasl.oauthbearer.jwks.endpoint.retry.backoff.ms = 100
	sasl.oauthbearer.jwks.endpoint.url = null
	sasl.oauthbearer.jwt.retriever.class = class org.apache.kafka.common.security.oauthbearer.DefaultJwtRetriever
	sasl.oauthbearer.jwt.validator.class = class org.apache.kafka.common.security.oauthbearer.DefaultJwtValidator
	sasl.oauthbearer.scope = null
	sasl.oauthbearer.scope.claim.name = scope
	sasl.oauthbearer.sub.claim.name = sub
	sasl.oauthbearer.token.endpoint.url = null
	security.protocol = PLAINTEXT
	security.providers = null
	send.buffer.bytes = 131072
	session.timeout.ms = 45000
	share.acknowledgement.mode = implicit
	socket.connection.setup.timeout.max.ms = 30000
	socket.connection.setup.timeout.ms = 10000
	ssl.cipher.suites = null
	ssl.enabled.protocols = [TLSv1.2, TLSv1.3]
	ssl.endpoint.identification.algorithm = https
	ssl.engine.factory.class = null
	ssl.key.password = null
	ssl.keymanager.algorithm = SunX509
	ssl.keystore.certificate.chain = null
	ssl.keystore.key = null
	ssl.keystore.location = null
	ssl.keystore.password = null
	ssl.keystore.type = JKS
	ssl.protocol = TLSv1.3
	ssl.provider = null
	ssl.secure.random.implementation = null
	ssl.trustmanager.algorithm = PKIX
	ssl.truststore.certificates = null
	ssl.truststore.location = null
	ssl.truststore.password = null
	ssl.truststore.type = JKS
	value.deserializer = class org.springframework.kafka.support.serializer.JsonDeserializer

14-05-2026 23:55:56.933 [main] [-] INFO  inventory-service-o.a.k.c.t.i.KafkaMetricsCollector.init - initializing Kafka metrics collector
14-05-2026 23:55:56.990 [main] [-] INFO  inventory-service-o.a.k.common.config.AbstractConfig.logUnused - These configurations '[schema.registry.url, specific.avro.reader]' were supplied but are not used yet.
14-05-2026 23:55:56.991 [main] [-] INFO  inventory-service-o.a.kafka.common.utils.AppInfoParser.<init> - Kafka version: 4.1.2
14-05-2026 23:55:56.991 [main] [-] INFO  inventory-service-o.a.kafka.common.utils.AppInfoParser.<init> - Kafka commitId: c82fd9b934b4c1e6
14-05-2026 23:55:56.991 [main] [-] INFO  inventory-service-o.a.kafka.common.utils.AppInfoParser.<init> - Kafka startTimeMs: 1778783156991
14-05-2026 23:55:56.998 [main] [-] INFO  inventory-service-o.a.k.c.c.i.ClassicKafkaConsumer.subscribeInternal - [Consumer clientId=consumer-inventory-service-1, groupId=inventory-service] Subscribed to topic(s): order-cancel-topic
14-05-2026 23:55:57.008 [main] [-] INFO  inventory-service-o.a.k.common.config.AbstractConfig.logAll - ConsumerConfig values: 
	allow.auto.create.topics = true
	auto.commit.interval.ms = 5000
	auto.offset.reset = latest
	bootstrap.servers = [localhost:9092]
	check.crcs = true
	client.dns.lookup = use_all_dns_ips
	client.id = consumer-inventory-service-2
	client.rack = 
	connections.max.idle.ms = 540000
	default.api.timeout.ms = 60000
	enable.auto.commit = false
	enable.metrics.push = true
	exclude.internal.topics = true
	fetch.max.bytes = 52428800
	fetch.max.wait.ms = 500
	fetch.min.bytes = 1
	group.id = inventory-service
	group.instance.id = null
	group.protocol = classic
	group.remote.assignor = null
	heartbeat.interval.ms = 3000
	interceptor.classes = []
	internal.leave.group.on.close = true
	internal.throw.on.fetch.stable.offset.unsupported = false
	isolation.level = read_uncommitted
	key.deserializer = class org.apache.kafka.common.serialization.LongDeserializer
	max.partition.fetch.bytes = 1048576
	max.poll.interval.ms = 300000
	max.poll.records = 500
	metadata.max.age.ms = 300000
	metadata.recovery.rebootstrap.trigger.ms = 300000
	metadata.recovery.strategy = rebootstrap
	metric.reporters = [org.apache.kafka.common.metrics.JmxReporter]
	metrics.num.samples = 2
	metrics.recording.level = INFO
	metrics.sample.window.ms = 30000
	partition.assignment.strategy = [class org.apache.kafka.clients.consumer.RangeAssignor, class org.apache.kafka.clients.consumer.CooperativeStickyAssignor]
	receive.buffer.bytes = 65536
	reconnect.backoff.max.ms = 1000
	reconnect.backoff.ms = 50
	request.timeout.ms = 30000
	retry.backoff.max.ms = 1000
	retry.backoff.ms = 100
	sasl.client.callback.handler.class = null
	sasl.jaas.config = null
	sasl.kerberos.kinit.cmd = /usr/bin/kinit
	sasl.kerberos.min.time.before.relogin = 60000
	sasl.kerberos.service.name = null
	sasl.kerberos.ticket.renew.jitter = 0.05
	sasl.kerberos.ticket.renew.window.factor = 0.8
	sasl.login.callback.handler.class = null
	sasl.login.class = null
	sasl.login.connect.timeout.ms = null
	sasl.login.read.timeout.ms = null
	sasl.login.refresh.buffer.seconds = 300
	sasl.login.refresh.min.period.seconds = 60
	sasl.login.refresh.window.factor = 0.8
	sasl.login.refresh.window.jitter = 0.05
	sasl.login.retry.backoff.max.ms = 10000
	sasl.login.retry.backoff.ms = 100
	sasl.mechanism = GSSAPI
	sasl.oauthbearer.assertion.algorithm = RS256
	sasl.oauthbearer.assertion.claim.aud = null
	sasl.oauthbearer.assertion.claim.exp.seconds = 300
	sasl.oauthbearer.assertion.claim.iss = null
	sasl.oauthbearer.assertion.claim.jti.include = false
	sasl.oauthbearer.assertion.claim.nbf.seconds = 60
	sasl.oauthbearer.assertion.claim.sub = null
	sasl.oauthbearer.assertion.file = null
	sasl.oauthbearer.assertion.private.key.file = null
	sasl.oauthbearer.assertion.private.key.passphrase = null
	sasl.oauthbearer.assertion.template.file = null
	sasl.oauthbearer.client.credentials.client.id = null
	sasl.oauthbearer.client.credentials.client.secret = null
	sasl.oauthbearer.clock.skew.seconds = 30
	sasl.oauthbearer.expected.audience = null
	sasl.oauthbearer.expected.issuer = null
	sasl.oauthbearer.header.urlencode = false
	sasl.oauthbearer.jwks.endpoint.refresh.ms = 3600000
	sasl.oauthbearer.jwks.endpoint.retry.backoff.max.ms = 10000
	sasl.oauthbearer.jwks.endpoint.retry.backoff.ms = 100
	sasl.oauthbearer.jwks.endpoint.url = null
	sasl.oauthbearer.jwt.retriever.class = class org.apache.kafka.common.security.oauthbearer.DefaultJwtRetriever
	sasl.oauthbearer.jwt.validator.class = class org.apache.kafka.common.security.oauthbearer.DefaultJwtValidator
	sasl.oauthbearer.scope = null
	sasl.oauthbearer.scope.claim.name = scope
	sasl.oauthbearer.sub.claim.name = sub
	sasl.oauthbearer.token.endpoint.url = null
	security.protocol = PLAINTEXT
	security.providers = null
	send.buffer.bytes = 131072
	session.timeout.ms = 45000
	share.acknowledgement.mode = implicit
	socket.connection.setup.timeout.max.ms = 30000
	socket.connection.setup.timeout.ms = 10000
	ssl.cipher.suites = null
	ssl.enabled.protocols = [TLSv1.2, TLSv1.3]
	ssl.endpoint.identification.algorithm = https
	ssl.engine.factory.class = null
	ssl.key.password = null
	ssl.keymanager.algorithm = SunX509
	ssl.keystore.certificate.chain = null
	ssl.keystore.key = null
	ssl.keystore.location = null
	ssl.keystore.password = null
	ssl.keystore.type = JKS
	ssl.protocol = TLSv1.3
	ssl.provider = null
	ssl.secure.random.implementation = null
	ssl.trustmanager.algorithm = PKIX
	ssl.truststore.certificates = null
	ssl.truststore.location = null
	ssl.truststore.password = null
	ssl.truststore.type = JKS
	value.deserializer = class org.springframework.kafka.support.serializer.JsonDeserializer

14-05-2026 23:55:57.008 [main] [-] INFO  inventory-service-o.a.k.c.t.i.KafkaMetricsCollector.init - initializing Kafka metrics collector
14-05-2026 23:55:57.013 [main] [-] INFO  inventory-service-o.a.k.common.config.AbstractConfig.logUnused - These configurations '[schema.registry.url, specific.avro.reader]' were supplied but are not used yet.
14-05-2026 23:55:57.013 [main] [-] INFO  inventory-service-o.a.kafka.common.utils.AppInfoParser.<init> - Kafka version: 4.1.2
14-05-2026 23:55:57.014 [main] [-] INFO  inventory-service-o.a.kafka.common.utils.AppInfoParser.<init> - Kafka commitId: c82fd9b934b4c1e6
14-05-2026 23:55:57.014 [main] [-] INFO  inventory-service-o.a.kafka.common.utils.AppInfoParser.<init> - Kafka startTimeMs: 1778783157013
14-05-2026 23:55:57.017 [main] [-] INFO  inventory-service-o.a.k.c.c.i.ClassicKafkaConsumer.subscribeInternal - [Consumer clientId=consumer-inventory-service-2, groupId=inventory-service] Subscribed to topic(s): order-created-topic
14-05-2026 23:55:57.027 [main] [-] INFO  inventory-service-c.e.i.InventoryServiceApplication.logStarted - Started InventoryServiceApplication in 15.993 seconds (process running for 16.847)
14-05-2026 23:55:57.060 [org.springframework.kafka.KafkaListenerEndpointContainer#1-0-C-1] [-] INFO  inventory-service-org.apache.kafka.clients.Metadata.update - [Consumer clientId=consumer-inventory-service-2, groupId=inventory-service] Cluster ID: 5L6g3nShT-eMCtK--X86sw
14-05-2026 23:55:57.060 [org.springframework.kafka.KafkaListenerEndpointContainer#0-0-C-1] [-] INFO  inventory-service-org.apache.kafka.clients.Metadata.update - [Consumer clientId=consumer-inventory-service-1, groupId=inventory-service] Cluster ID: 5L6g3nShT-eMCtK--X86sw
14-05-2026 23:55:57.063 [org.springframework.kafka.KafkaListenerEndpointContainer#0-0-C-1] [-] INFO  inventory-service-o.a.k.c.c.i.ConsumerCoordinator.onSuccess - [Consumer clientId=consumer-inventory-service-1, groupId=inventory-service] Discovered group coordinator localhost:9092 (id: 2147483646 rack: null isFenced: false)
14-05-2026 23:55:57.063 [org.springframework.kafka.KafkaListenerEndpointContainer#1-0-C-1] [-] INFO  inventory-service-o.a.k.c.c.i.ConsumerCoordinator.onSuccess - [Consumer clientId=consumer-inventory-service-2, groupId=inventory-service] Discovered group coordinator localhost:9092 (id: 2147483646 rack: null isFenced: false)
14-05-2026 23:55:57.066 [org.springframework.kafka.KafkaListenerEndpointContainer#1-0-C-1] [-] INFO  inventory-service-o.a.k.c.c.i.ConsumerCoordinator.sendJoinGroupRequest - [Consumer clientId=consumer-inventory-service-2, groupId=inventory-service] (Re-)joining group
14-05-2026 23:55:57.066 [org.springframework.kafka.KafkaListenerEndpointContainer#0-0-C-1] [-] INFO  inventory-service-o.a.k.c.c.i.ConsumerCoordinator.sendJoinGroupRequest - [Consumer clientId=consumer-inventory-service-1, groupId=inventory-service] (Re-)joining group
14-05-2026 23:55:57.110 [org.springframework.kafka.KafkaListenerEndpointContainer#1-0-C-1] [-] INFO  inventory-service-o.a.k.c.c.i.ConsumerCoordinator.requestRejoin - [Consumer clientId=consumer-inventory-service-2, groupId=inventory-service] Request joining group due to: need to re-join with the given member-id: consumer-inventory-service-2-c7a6acd3-4f34-4bf3-9bc5-91a81aadcdf7
14-05-2026 23:55:57.110 [org.springframework.kafka.KafkaListenerEndpointContainer#0-0-C-1] [-] INFO  inventory-service-o.a.k.c.c.i.ConsumerCoordinator.requestRejoin - [Consumer clientId=consumer-inventory-service-1, groupId=inventory-service] Request joining group due to: need to re-join with the given member-id: consumer-inventory-service-1-37a4bdc0-58fe-4e60-8360-532e030a2c2e
14-05-2026 23:55:57.111 [org.springframework.kafka.KafkaListenerEndpointContainer#0-0-C-1] [-] INFO  inventory-service-o.a.k.c.c.i.ConsumerCoordinator.sendJoinGroupRequest - [Consumer clientId=consumer-inventory-service-1, groupId=inventory-service] (Re-)joining group
14-05-2026 23:55:57.111 [org.springframework.kafka.KafkaListenerEndpointContainer#1-0-C-1] [-] INFO  inventory-service-o.a.k.c.c.i.ConsumerCoordinator.sendJoinGroupRequest - [Consumer clientId=consumer-inventory-service-2, groupId=inventory-service] (Re-)joining group
14-05-2026 23:56:03.476 [org.springframework.kafka.KafkaListenerEndpointContainer#0-0-C-1] [-] INFO  inventory-service-o.a.k.c.c.i.ConsumerCoordinator.handle - [Consumer clientId=consumer-inventory-service-1, groupId=inventory-service] Successfully joined group with generation Generation{generationId=5, memberId='consumer-inventory-service-1-37a4bdc0-58fe-4e60-8360-532e030a2c2e', protocol='range'}
14-05-2026 23:56:03.476 [org.springframework.kafka.KafkaListenerEndpointContainer#1-0-C-1] [-] INFO  inventory-service-o.a.k.c.c.i.ConsumerCoordinator.handle - [Consumer clientId=consumer-inventory-service-2, groupId=inventory-service] Successfully joined group with generation Generation{generationId=5, memberId='consumer-inventory-service-2-c7a6acd3-4f34-4bf3-9bc5-91a81aadcdf7', protocol='range'}
14-05-2026 23:56:03.509 [org.springframework.kafka.KafkaListenerEndpointContainer#1-0-C-1] [-] INFO  inventory-service-o.a.k.c.c.i.ConsumerCoordinator.onLeaderElected - [Consumer clientId=consumer-inventory-service-2, groupId=inventory-service] Finished assignment for group at generation 5: {consumer-inventory-service-1-37a4bdc0-58fe-4e60-8360-532e030a2c2e=Assignment(partitions=[order-cancel-topic-0]), consumer-inventory-service-2-c7a6acd3-4f34-4bf3-9bc5-91a81aadcdf7=Assignment(partitions=[order-created-topic-0])}
14-05-2026 23:56:03.529 [org.springframework.kafka.KafkaListenerEndpointContainer#0-0-C-1] [-] INFO  inventory-service-o.a.k.c.c.i.ConsumerCoordinator.handle - [Consumer clientId=consumer-inventory-service-1, groupId=inventory-service] Successfully synced group in generation Generation{generationId=5, memberId='consumer-inventory-service-1-37a4bdc0-58fe-4e60-8360-532e030a2c2e', protocol='range'}
14-05-2026 23:56:03.530 [org.springframework.kafka.KafkaListenerEndpointContainer#0-0-C-1] [-] INFO  inventory-service-o.a.k.c.c.i.ConsumerCoordinator.invokeOnAssignment - [Consumer clientId=consumer-inventory-service-1, groupId=inventory-service] Notifying assignor about the new Assignment(partitions=[order-cancel-topic-0])
14-05-2026 23:56:03.533 [org.springframework.kafka.KafkaListenerEndpointContainer#0-0-C-1] [-] INFO  inventory-service-o.a.k.c.c.i.ConsumerRebalanceListenerInvoker.invokePartitionsAssigned - [Consumer clientId=consumer-inventory-service-1, groupId=inventory-service] Adding newly assigned partitions: [order-cancel-topic-0]
14-05-2026 23:56:03.534 [org.springframework.kafka.KafkaListenerEndpointContainer#1-0-C-1] [-] INFO  inventory-service-o.a.k.c.c.i.ConsumerCoordinator.handle - [Consumer clientId=consumer-inventory-service-2, groupId=inventory-service] Successfully synced group in generation Generation{generationId=5, memberId='consumer-inventory-service-2-c7a6acd3-4f34-4bf3-9bc5-91a81aadcdf7', protocol='range'}
14-05-2026 23:56:03.535 [org.springframework.kafka.KafkaListenerEndpointContainer#1-0-C-1] [-] INFO  inventory-service-o.a.k.c.c.i.ConsumerCoordinator.invokeOnAssignment - [Consumer clientId=consumer-inventory-service-2, groupId=inventory-service] Notifying assignor about the new Assignment(partitions=[order-created-topic-0])
14-05-2026 23:56:03.535 [org.springframework.kafka.KafkaListenerEndpointContainer#1-0-C-1] [-] INFO  inventory-service-o.a.k.c.c.i.ConsumerRebalanceListenerInvoker.invokePartitionsAssigned - [Consumer clientId=consumer-inventory-service-2, groupId=inventory-service] Adding newly assigned partitions: [order-created-topic-0]
14-05-2026 23:56:03.571 [org.springframework.kafka.KafkaListenerEndpointContainer#0-0-C-1] [-] INFO  inventory-service-o.a.k.c.c.internals.ConsumerUtils.refreshCommittedOffsets - Setting offset for partition order-cancel-topic-0 to the committed offset FetchPosition{offset=0, offsetEpoch=Optional.empty, currentLeader=LeaderAndEpoch{leader=Optional[localhost:9092 (id: 1 rack: null isFenced: false)], epoch=0}}
14-05-2026 23:56:03.571 [org.springframework.kafka.KafkaListenerEndpointContainer#1-0-C-1] [-] INFO  inventory-service-o.a.k.c.c.internals.ConsumerUtils.refreshCommittedOffsets - Setting offset for partition order-created-topic-0 to the committed offset FetchPosition{offset=0, offsetEpoch=Optional.empty, currentLeader=LeaderAndEpoch{leader=Optional[localhost:9092 (id: 1 rack: null isFenced: false)], epoch=0}}
14-05-2026 23:56:03.573 [org.springframework.kafka.KafkaListenerEndpointContainer#0-0-C-1] [-] INFO  inventory-service-o.s.k.l.KafkaMessageListenerContainer.info - inventory-service: partitions assigned: [order-cancel-topic-0]
14-05-2026 23:56:03.573 [org.springframework.kafka.KafkaListenerEndpointContainer#1-0-C-1] [-] INFO  inventory-service-o.s.k.l.KafkaMessageListenerContainer.info - inventory-service: partitions assigned: [order-created-topic-0]
